internal_barcode,longname,sex,from_nest,which_nest,state,county,year,date,site,fl_genus,fl_species,cluster,latitude,longitude,n,btern01_1,btern01_2,bt28_1,bt28_2,b96_1,b96_2,bt30_1,bt30_2,btms0081_1,btms0081_2,btms0066_1,btms0066_2,btms0083_1,btms0083_2,b126_1,b126_2,btms0062_1,btms0062_2,btern02_1,btern02_2,btms0086_1,btms0086_2,bl13_1,bl13_2,btms0059_1,btms0059_2,loci_w_data,family_index,occur,family_id
BAFF014,20200725B_MJH_1,female,no,NA,west virginia,pocahontas,2020,2020-07-25T00:00:00Z,USFS Marlinton Ranger Station Pollinator Garden,NA,NA,1,38.2155,-80.08016,3,106,118,186,192,191,193,232,240,304,304,150,177,314,350,175,179,252,260,195,225,267,267,173,185,356,360,13,1,TRUE,s
BAFF015,20200819A_MJH_2,female,no,NA,west virginia,greenbrier,2020,2020-08-19T00:00:00Z,USFS Monongahela Nat'l Forest - Neola,NA,NA,2,37.96708,-80.1289,12,106,108,186,192,191,193,230,232,300,304,150,177,350,354,167,167,252,252,195,197,267,267,173,185,352,364,13,2,TRUE,s
BAFF024,256_MonFis_Mola,female,no,NA,iowa,johnson,2020,2020-08-04T00:00:00Z,Hawk Eye - Iowa City,NA,NA,3,41.81386,-91.6965,5,106,112,186,186,191,193,236,236,304,308,141,150,300,300,175,183,262,268,191,195,267,267,185,185,352,360,13,3,TRUE,s
BAFF023,257_MonFis_Mola,female,no,NA,iowa,johnson,2020,2020-08-05T00:00:00Z,Hawk Eye - Iowa City,NA,NA,3,41.8143,-91.6966,5,114,114,186,186,191,191,242,244,300,304,129,150,336,336,165,171,256,276,179,213,267,279,185,185,352,352,13,4,FALSE,4
BAFF439,jmk-27jul21-10,female,NA,NA,wisconsin,walworth,2021,2021-07-27T00:00:00Z,Turtle Valley Wildlife Area (0074F),Monarda,fistulosa,50,42.7117186,-88.6275418,45,114,114,186,192,191,191,242,244,300,300,129,141,340,342,165,165,264,282,199,203,267,267,185,185,352,356,13,4,FALSE,4
BAFF022,258_MonFis_Mola,female,no,NA,iowa,johnson,2020,2020-08-05T00:00:00Z,Hawk Eye - Iowa City,NA,NA,3,41.81442,-91.6966,5,106,108,186,192,191,193,244,244,304,304,129,129,300,300,167,179,254,268,177,195,267,267,185,185,356,360,13,5,FALSE,5
BAFF021,260_MonFis_Mola,female,no,NA,iowa,johnson,2020,2020-08-05T00:00:00Z,Hawk Eye - Iowa City,NA,NA,3,41.81453,-91.6968,5,108,108,186,192,191,193,244,244,300,304,129,129,300,300,175,179,254,266,177,199,267,267,185,185,356,356,13,5,FALSE,5
BAFF019,263_MonFis_Mola,female,no,NA,iowa,johnson,2020,2020-08-06T00:00:00Z,East of Andrew,NA,NA,4,42.15161,-90.5692,1,108,108,180,186,191,193,240,244,304,308,141,150,300,342,169,181,248,250,193,193,267,267,173,185,356,364,13,6,FALSE,6
BAFF190,120,female,NA,NA,illinois,lee,2021,2021-07-25T00:00:00Z,Nachusa Grasslands,Eutrochium,maculatum,20,41.89322596,-89.37679896,15,108,108,186,186,191,193,240,244,308,308,150,150,300,300,169,171,248,268,187,187,267,267,185,185,352,356,13,6,FALSE,6
BAFF522,jmk-20jul21-14,female,NA,NA,wisconsin,sauk,2021,2021-07-20T00:00:00Z,Pleasure Valley Conservancy,Monarda,fistulosa,54,43.04781,-89.816028,2,106,108,180,186,188,193,232,244,304,308,150,150,300,300,169,181,252,258,177,201,267,267,185,185,352,356,13,6,FALSE,6
BAFF017,265_JoePye_Mola,female,no,NA,iowa,winneshiek,2020,2020-08-07T00:00:00Z,Seed Saver,NA,NA,5,43.38366,-91.7997,14,112,112,186,186,193,193,242,242,304,304,141,141,338,338,187,187,260,260,193,193,267,267,185,185,336,336,13,8,TRUE,s
BAFF016,266_JewelNeed_Mola,female,no,NA,iowa,winneshiek,2020,2020-08-07T00:00:00Z,Hutchinson Farm GG,NA,NA,5,43.36403,-91.8485,14,106,106,186,186,191,191,244,244,308,308,147,147,344,344,181,181,262,262,181,181,267,267,189,189,360,360,13,9,TRUE,s
BAFF141,7-22-2020-Dead,female,no,NA,minnesota,ramsey,2020,2020-07-22T00:00:00Z,Pickerell Lake - found dead,NA,NA,6,44.9184,-93.1224,32,106,106,186,186,191,191,240,240,304,304,129,129,350,350,185,185,264,264,185,185,282,282,185,185,356,356,13,10,TRUE,s
BAFF048,8-8-2020_Maple,female,no,NA,minnesota,ramsey,2020,2020-08-08T00:00:00Z,Ramsey MN,NA,NA,9,44.994131,-93.06919,19,106,106,180,180,NA,NA,244,244,304,304,174,174,298,298,167,167,252,252,195,195,267,267,185,185,356,356,12,13,TRUE,s
BAFF005,Bee_1_MLB,female,no,NA,minnesota,hennepin,2020,2020-08-04T00:00:00Z,Minneapolis - Mt. Fistulosa,NA,NA,8,44.9457,-93.2161,28,108,108,186,186,191,193,236,244,308,308,150,156,322,324,165,181,254,298,185,199,267,267,173,189,364,364,13,15,FALSE,15
BAFF003,Bee_2_MLB,female,no,NA,minnesota,hennepin,2020,2020-08-04T00:00:00Z,Minneapolis - Mt. Fistulosa,NA,NA,8,44.9457,-93.2161,28,108,108,186,186,191,197,232,236,304,308,150,156,322,324,181,181,254,298,185,199,267,267,185,189,356,364,13,15,FALSE,15
BAFF004,Bee_3_MLB,female,no,NA,minnesota,hennepin,2020,2020-08-04T00:00:00Z,Minneapolis - Mt. Fistulosa,NA,NA,8,44.9457,-93.2161,28,108,108,186,186,191,193,232,236,308,308,150,156,322,324,181,181,254,298,185,199,267,267,185,189,364,364,13,15,FALSE,15
BAFF002,Bee_4_MLB,female,no,NA,minnesota,hennepin,2020,2020-08-04T00:00:00Z,Minneapolis - Mt. Fistulosa,NA,NA,8,44.9457,-93.2161,28,108,108,186,186,191,197,232,236,308,308,150,156,322,324,181,181,254,300,185,199,267,267,185,189,364,364,13,15,FALSE,15
BAFF001,Bee_5_MLB,female,no,NA,minnesota,hennepin,2020,2020-08-04T00:00:00Z,Minneapolis - Mt. Fistulosa,NA,NA,11,44.9457,-93.9457,1,108,108,186,186,191,197,236,244,304,308,150,156,322,324,165,181,254,298,185,195,267,267,173,189,364,364,13,15,FALSE,15
BAFF150,Bee1_8-6-2020,female,no,NA,minnesota,hennepin,2020,2020-08-06T00:00:00Z,Across the stree from MN nest,NA,NA,8,44.9457,-93.2161,28,108,108,186,186,191,193,236,244,308,308,150,156,324,330,165,181,254,300,185,199,267,267,185,189,356,364,13,15,FALSE,15
BAFF151,Bee2_8-6-2020,female,no,NA,minnesota,hennepin,2020,2020-08-06T00:00:00Z,Across the stree from MN nest,NA,NA,8,44.9457,-93.2161,28,108,108,186,186,191,197,236,244,308,308,150,156,322,324,165,181,254,298,185,199,267,267,185,189,364,364,13,15,FALSE,15
BAFF152,Bee3_8-6-2020,female,no,NA,minnesota,hennepin,2020,2020-08-06T00:00:00Z,Across the stree from MN nest,NA,NA,8,44.9457,-93.2161,28,108,110,186,186,191,193,232,236,308,308,150,156,322,324,181,181,254,298,185,199,267,267,173,189,364,364,13,15,FALSE,15
BAFF153,Bee4_8-6-2020,female,no,NA,minnesota,hennepin,2020,2020-08-06T00:00:00Z,Across the stree from MN nest,NA,NA,8,44.9457,-93.2161,28,108,110,186,186,191,197,236,244,304,308,150,156,322,324,165,181,254,298,185,199,267,267,185,189,356,364,13,15,FALSE,15
BAFF087,JMK_7-27-20,female,no,NA,wisconsin,jefferson,2020,2020-07-27T00:00:00Z,Natural Resources Conservation Service Wetland Reserve Easement--private property,NA,NA,13,43,-88.8,2,114,116,186,192,193,193,NA,NA,304,304,165,165,300,300,181,197,256,256,185,201,279,279,185,185,344,352,12,16,FALSE,16
BAFF076,Tai_2020_161,female,no,NA,wisconsin,dane,2020,2020-08-04T00:00:00Z,Madison Country Day School,NA,NA,17,43.164158,-89.38564,8,104,116,186,186,191,193,232,238,304,304,120,165,300,300,181,197,256,256,185,201,279,279,185,185,352,352,13,16,FALSE,16
BAFF086,Tai_2020_254,female,no,NA,wisconsin,dane,2020,2020-08-04T00:00:00Z,Madison Country Day School,NA,NA,17,43.164158,-89.38564,8,114,116,186,186,193,193,240,242,304,304,120,165,300,300,197,197,256,256,185,213,279,279,185,185,352,352,13,16,FALSE,16
BAFF089,Tai_2020_303,female,no,NA,wisconsin,dane,2020,2020-08-04T00:00:00Z,Madison Country Day School,NA,NA,17,43.164158,-89.38564,8,114,116,186,192,193,193,240,242,304,304,165,165,300,300,181,197,256,256,185,213,267,279,185,185,344,352,13,16,FALSE,16
BAFF081,Tai_2020_354,female,no,NA,wisconsin,dane,2020,2020-08-04T00:00:00Z,Madison Country Day School,NA,NA,17,43.164158,-89.38564,8,104,116,186,192,193,193,229,236,304,304,165,165,300,300,181,197,256,256,185,213,267,279,185,185,352,352,13,16,FALSE,16
BAFF049,MNZ_001,female,no,NA,minnesota,dakota,2020,2020-07-22T00:00:00Z,Minnesota Zoo,NA,NA,14,44.764888,-93.201289,56,108,112,186,186,193,203,NA,NA,304,308,141,197,332,358,165,171,256,282,185,203,267,267,185,185,352,364,12,17,FALSE,17
BAFF050,MNZ_002,female,no,NA,minnesota,dakota,2020,2020-07-23T00:00:00Z,Minnesota Zoo,NA,NA,14,44.764888,-93.201289,56,108,112,186,186,193,203,229,240,304,304,141,197,332,358,165,165,256,282,203,203,267,267,185,185,352,364,13,17,FALSE,17
BAFF052,MNZ_004,female,no,NA,minnesota,dakota,2020,2020-07-23T00:00:00Z,Minnesota Zoo,NA,NA,14,44.764888,-93.201289,56,108,116,186,186,191,193,229,240,304,304,150,197,332,344,165,165,256,282,185,203,267,267,185,185,352,352,13,17,FALSE,17
BAFF054,MNZ_006,female,no,NA,minnesota,dakota,2020,2020-07-24T00:00:00Z,Minnesota Zoo,NA,NA,14,44.765723,-93.2023,56,108,112,186,186,193,203,229,240,304,308,150,197,332,358,165,165,256,256,203,203,267,267,185,185,352,352,13,17,FALSE,17
BAFF051,MNZ_003,female,no,NA,minnesota,dakota,2020,2020-07-23T00:00:00Z,Minnesota Zoo,NA,NA,14,44.764888,-93.201289,56,108,108,180,192,188,191,232,232,304,308,141,141,340,358,165,165,248,256,199,213,267,279,173,185,348,348,13,18,FALSE,18
BAFF058,MNZ_010,female,no,NA,minnesota,dakota,2020,2020-07-28T00:00:00Z,Minnesota Zoo,NA,NA,14,44.765629,-93.204719,56,108,114,180,192,215,215,232,232,300,304,141,141,340,358,165,165,256,268,213,213,267,279,173,185,348,356,13,18,FALSE,18
BAFF061,MNZ_013,female,no,NA,minnesota,dakota,2020,2020-07-30T00:00:00Z,Minnesota Zoo,NA,NA,14,44.766629,-93.202868,56,108,108,180,192,188,191,232,244,304,308,141,150,340,358,165,181,256,268,199,213,267,267,185,185,348,356,13,18,FALSE,18
BAFF063,MNZ_015,female,no,NA,minnesota,dakota,2020,2020-08-04T00:00:00Z,Minnesota Zoo,NA,NA,14,44.766739,-93.203748,56,108,108,180,192,188,191,232,244,300,304,141,141,340,358,165,181,256,268,213,213,267,279,173,185,348,356,13,18,FALSE,18
BAFF065,MNZ_017,female,no,NA,minnesota,dakota,2020,2020-08-04T00:00:00Z,Minnesota Zoo,NA,NA,14,44.765421,-93.204585,56,108,114,180,192,188,191,232,232,304,308,141,141,340,358,165,165,248,256,213,213,267,267,173,185,348,356,13,18,FALSE,18
BAFF066,MNZ_018,female,no,NA,minnesota,dakota,2020,2020-08-04T00:00:00Z,Minnesota Zoo,NA,NA,14,44.765421,-93.204585,56,108,108,180,192,188,191,232,244,300,304,141,150,340,358,165,165,256,268,199,213,267,279,173,185,348,356,13,18,FALSE,18
BAFF053,MNZ_005,female,no,NA,minnesota,dakota,2020,2020-07-23T00:00:00Z,Minnesota Zoo,NA,NA,14,44.766595,-93.202858,56,108,110,180,192,185,191,240,244,308,308,150,150,340,342,165,165,298,298,199,207,267,267,185,185,356,356,13,19,TRUE,s
BAFF055,MNZ_007,female,no,NA,minnesota,dakota,2020,2020-07-27T00:00:00Z,Minnesota Zoo,NA,NA,14,44.766667,-93.202826,56,108,112,186,186,191,193,229,240,304,308,150,197,332,344,165,185,256,266,185,203,267,267,185,185,352,364,13,20,TRUE,s
BAFF056,MNZ_008,female,no,NA,minnesota,dakota,2020,2020-07-27T00:00:00Z,Minnesota Zoo,NA,NA,14,44.765713,-93.202222,56,108,108,180,186,191,193,240,240,308,308,141,150,356,358,173,185,282,282,181,181,267,279,173,185,348,352,13,21,TRUE,s
BAFF068,MNZ_020,female,no,NA,minnesota,dakota,2020,2020-08-05T00:00:00Z,Minnesota Zoo,NA,NA,14,44.765128,-93.197994,56,108,108,186,186,191,193,229,232,300,308,150,182,358,386,177,183,250,254,213,213,267,267,173,185,352,352,13,22,TRUE,s
BAFF070,MNZ_022,female,no,NA,minnesota,dakota,2020,2020-08-05T00:00:00Z,Minnesota Zoo,NA,NA,14,44.769423,-93.191342,56,112,112,186,192,191,193,238,240,300,308,150,150,324,342,165,173,250,250,181,197,267,279,185,189,352,356,13,24,FALSE,24
BAFF073,MNZ_025,female,no,NA,minnesota,dakota,2020,2020-08-05T00:00:00Z,Minnesota Zoo,NA,NA,14,44.76808,-93.188659,56,112,112,186,192,193,193,238,244,300,308,150,150,324,342,165,165,250,334,181,197,267,279,185,189,352,356,13,24,FALSE,24
BAFF072,MNZ_024,female,no,NA,minnesota,dakota,2020,2020-08-05T00:00:00Z,Minnesota Zoo,NA,NA,14,44.76808,-93.188659,56,108,110,186,186,191,193,240,240,308,308,132,150,322,342,165,165,246,248,187,187,267,267,185,185,352,364,13,25,FALSE,25
BAFF078,Tai_2020_118,female,no,NA,wisconsin,dane,2020,2020-07-23T00:00:00Z,Lamp Park,NA,NA,15,43.071379,-89.509808,20,114,114,186,186,193,193,244,244,308,308,132,132,342,342,165,165,246,246,185,187,267,267,185,185,352,352,13,25,FALSE,25
BAFF139,T1_7-29-2020,female,no,NA,minnesota,ramsey,2020,2020-07-29T00:00:00Z,Ames Lake Park,NA,NA,9,44.97448,-93.0439,19,108,110,180,186,188,191,229,240,304,308,147,150,298,316,175,179,268,268,179,191,267,267,185,189,356,360,13,26,TRUE,s
BAFF156,T1_8-19-2020,female,no,NA,minnesota,goodhue,2020,2020-08-19T00:00:00Z,929 Central Ave Red Wing,NA,NA,12,44.55746,-92.5323,26,108,114,180,186,179,193,229,238,304,304,132,132,298,298,165,181,248,300,227,227,267,267,185,189,352,356,13,27,FALSE,27
BAFF157,T2_8-19-2020,female,no,NA,minnesota,goodhue,2020,2020-08-19T00:00:00Z,929 Central Ave Red Wing,NA,NA,12,44.55746,-92.5323,26,108,110,180,186,179,193,238,238,304,304,132,182,298,330,165,165,248,256,195,195,267,267,185,189,356,360,13,27,FALSE,27
BAFF158,T3_8-19-2020,female,no,NA,minnesota,goodhue,2020,2020-08-19T00:00:00Z,929 Central Ave Red Wing,NA,NA,12,44.55746,-92.5323,26,108,114,180,186,179,193,229,238,304,304,132,138,298,298,165,181,248,300,195,195,267,267,185,189,352,356,13,27,FALSE,27
BAFF160,T5_8-19-2020,female,no,NA,minnesota,goodhue,2020,2020-08-19T00:00:00Z,929 Central Ave Red Wing,NA,NA,12,44.55746,-92.5323,26,108,110,186,186,179,193,229,238,304,304,132,138,298,330,165,181,248,256,227,227,267,267,185,189,356,360,13,27,FALSE,27
BAFF161,T6_8-19-2020,female,no,NA,minnesota,goodhue,2020,2020-08-19T00:00:00Z,929 Central Ave Red Wing,NA,NA,12,44.55746,-92.5323,26,108,114,180,186,193,193,238,238,304,304,132,182,298,330,165,165,248,256,227,227,267,267,185,189,356,360,13,27,FALSE,27
BAFF163,T1_8-9-2020,female,no,NA,minnesota,ramsey,2020,2020-08-09T00:00:00Z,Cherokee Heights,NA,NA,6,44.92272,-93.11,32,112,112,180,180,193,193,238,238,308,308,174,174,356,356,183,183,334,334,201,201,267,267,185,185,352,352,13,28,TRUE,s
BAFF142,T1_affinis_7-23-2020,female,no,NA,minnesota,ramsey,2020,2020-07-23T00:00:00Z,Cherokee Heights,NA,NA,6,44.92272,-93.11,32,108,114,180,186,193,193,240,240,300,304,129,150,342,342,167,185,280,280,185,185,267,267,185,185,356,356,13,29,FALSE,29
BAFF164,T4_8-9-2020,female,no,NA,minnesota,ramsey,2020,2020-08-09T00:00:00Z,Cherokee Heights,NA,NA,6,44.92272,-93.11,32,108,112,186,186,193,193,240,240,300,300,141,150,322,342,167,173,284,298,185,199,267,267,185,185,356,356,13,29,FALSE,29
BAFF146,T5_affinis_7-23-2020,female,no,NA,minnesota,ramsey,2020,2020-07-23T00:00:00Z,Cherokee Heights,NA,NA,6,44.92272,-93.11,32,108,110,186,186,193,193,240,240,300,300,141,150,342,342,167,185,284,298,185,199,267,267,185,185,356,356,13,29,FALSE,29
BAFF149,T1-7-24-2020,female,no,NA,minnesota,ramsey,2020,2020-07-24T00:00:00Z,Elaine's Garden,NA,NA,8,44.95868,-93.1496,28,108,114,186,192,193,193,238,238,300,304,150,156,322,344,165,165,254,254,191,199,267,267,185,185,352,356,13,30,TRUE,s
BAFF138,T2_7-29-2020,female,no,NA,minnesota,ramsey,2020,2020-07-29T00:00:00Z,Ames Lake Park,NA,NA,9,44.97448,-93.0439,19,106,108,186,186,191,191,229,240,300,308,150,150,324,342,165,181,254,284,185,195,267,282,185,185,356,360,13,31,FALSE,31
BAFF135,T4_7-29-2020,female,no,NA,minnesota,ramsey,2020,2020-07-29T00:00:00Z,Ames Lake Park,NA,NA,9,44.97448,-93.0439,19,108,108,180,186,191,191,229,240,300,300,150,150,324,342,165,181,262,284,185,195,267,282,185,185,356,360,13,31,FALSE,31
BAFF143,T2_affinis_7-23-2020,female,no,NA,minnesota,ramsey,2020,2020-07-23T00:00:00Z,Cherokee Heights,NA,NA,6,44.92272,-93.11,32,110,114,186,186,185,188,229,240,304,308,129,138,300,324,181,181,248,288,181,199,267,267,185,185,348,352,13,32,TRUE,s
BAFF137,T3_7-29-2020,female,no,NA,minnesota,ramsey,2020,2020-07-29T00:00:00Z,Ames Lake Park,NA,NA,9,44.97448,-93.0439,19,108,114,192,192,191,191,240,257,300,304,118,150,322,326,175,205,256,298,187,187,267,267,185,185,356,356,13,33,TRUE,s
BAFF144,T3_affinis_7-23-2020,female,no,NA,minnesota,ramsey,2020,2020-07-23T00:00:00Z,Cherokee Heights,NA,NA,6,44.92272,-93.11,32,104,108,180,186,191,193,244,244,304,308,120,182,300,356,165,181,254,264,189,195,267,267,185,185,352,356,13,34,TRUE,s
BAFF159,T4_8-19-2020,female,no,NA,minnesota,goodhue,2020,2020-08-19T00:00:00Z,929 Central Ave Red Wing,NA,NA,12,44.55746,-92.5323,26,108,108,198,198,191,191,236,236,304,304,141,141,NA,NA,173,173,256,256,213,213,267,267,185,185,360,360,12,35,TRUE,s
BAFF145,T4_affinis_7-23-2020,female,no,NA,minnesota,ramsey,2020,2020-07-23T00:00:00Z,Cherokee Heights,NA,NA,6,44.92272,-93.11,32,108,114,186,192,185,191,238,240,304,308,132,138,298,300,165,167,264,300,177,205,267,267,185,185,348,364,13,36,FALSE,36
BAFF254,183,female,NA,NA,iowa,winneshiek,2021,2021-08-04T00:00:00Z,Seed Savers - near parking lot of visitor center,Silphium,perfoliatum,5,43.38145198,-91.80703204,14,106,108,186,186,191,193,240,240,304,304,132,150,300,350,165,181,264,300,189,189,267,267,185,185,348,352,13,36,FALSE,36
BAFF136,T5_7-29-2020,female,no,NA,minnesota,ramsey,2020,2020-07-29T00:00:00Z,Ames Lake Park,NA,NA,9,44.97448,-93.0439,19,108,112,186,186,188,191,240,244,308,308,150,174,300,324,173,181,258,258,203,203,267,267,185,189,352,352,13,37,FALSE,37
BAFF344,mlb-lebanon-20july21-affinis-01-leg,female,NA,NA,minnesota,dakota,2021,2021-07-20T00:00:00Z,lebannon hills,Monarda,fistulosa,14,44.778774,-93.127164,56,108,110,186,186,188,191,240,244,300,308,141,150,300,324,165,173,258,300,NA,NA,267,267,185,189,352,356,12,37,FALSE,37
BAFF361,mlb-lebanon-04aug21-affinis-01-leg,female,NA,NA,minnesota,dakota,2021,2021-08-04T00:00:00Z,lebanon hills,Eurtrochium,purpureum,14,44.778774,-93.127164,56,110,110,186,186,188,191,240,244,300,308,141,150,300,324,165,173,258,298,201,203,267,267,185,189,352,356,13,37,FALSE,37
BAFF140,T6_7-29-2020,female,no,NA,minnesota,ramsey,2020,2020-07-29T00:00:00Z,Ames Lake Park,NA,NA,9,44.97448,-93.0439,19,106,108,180,186,191,193,236,238,300,304,141,150,324,338,165,181,254,266,185,195,267,279,189,189,352,356,13,39,TRUE,s
BAFF147,T6_affinis_7-23-2020,female,no,NA,minnesota,ramsey,2020,2020-07-23T00:00:00Z,Cherokee Heights,NA,NA,6,44.92272,-93.11,32,108,112,186,192,188,191,229,244,304,308,118,141,322,332,171,181,246,298,193,195,267,267,185,185,344,352,13,40,FALSE,40
BAFF167,T7_8-9-2020,female,no,NA,minnesota,ramsey,2020,2020-08-09T00:00:00Z,Cherokee Heights,NA,NA,6,44.92272,-93.11,32,108,112,186,192,188,191,229,240,304,308,118,138,322,332,171,173,246,298,195,203,267,267,185,185,352,352,13,40,FALSE,40
BAFF088,Tai_2020_104,female,no,NA,wisconsin,dane,2020,2020-07-23T00:00:00Z,Behind 7637 Farmington Way,NA,NA,15,43.073197,-89.516635,20,106,106,192,192,193,193,232,232,304,308,129,138,300,330,165,181,256,256,191,203,267,279,185,185,356,356,13,41,FALSE,41
BAFF091,Tai_2020_131,female,no,NA,wisconsin,dane,2020,2020-07-23T00:00:00Z,Behind 7637 Farmington Way,NA,NA,15,43.073197,-89.516635,20,106,106,192,192,191,191,240,242,304,308,138,147,300,330,165,181,256,256,181,203,267,279,185,185,356,356,13,41,FALSE,41
BAFF083,Tai_2020_165,female,no,NA,wisconsin,dane,2020,2020-07-23T00:00:00Z,Behind 7637 Farmington Way,NA,NA,15,43.073197,-89.516635,20,106,114,186,192,191,191,242,242,308,308,129,138,300,330,165,165,256,280,181,203,267,279,185,185,356,356,13,41,FALSE,41
BAFF082,Tai_2020_787,female,no,NA,wisconsin,dane,2020,2020-08-21T00:00:00Z,Behind 7637 Farmington Way,NA,NA,15,43.073197,-89.516635,20,106,114,192,192,193,193,230,230,308,308,129,138,300,330,165,165,256,256,181,203,267,279,185,185,356,356,13,41,FALSE,41
BAFF079,Tai_2020_109,female,no,NA,wisconsin,dane,2020,2020-07-22T00:00:00Z,Near Kwik Trip,NA,NA,16,43.017251,-89.475773,11,108,114,186,186,185,188,236,240,308,308,141,141,298,326,169,189,256,282,177,193,267,267,185,189,356,356,13,42,TRUE,s
BAFF084,Tai_2020_358,female,no,NA,wisconsin,dane,2020,2020-08-04T00:00:00Z,Madison Country Day School,NA,NA,17,43.164158,-89.38564,8,106,108,186,186,193,197,240,242,308,308,132,153,298,298,165,171,248,262,189,211,267,267,185,185,356,356,13,43,TRUE,s
BAFF095,Tai_2020_536,female,no,NA,wisconsin,dane,2020,2020-08-11T00:00:00Z,Madison Country Day School,NA,NA,17,43.163105,-89.38594,8,114,116,186,192,191,193,244,244,304,308,141,150,300,352,171,181,266,270,191,201,267,267,185,185,352,356,13,44,FALSE,44
BAFF514,jmk-20jul21-06,female,NA,NA,wisconsin,sauk,2021,2021-07-20T00:00:00Z,Foxglove Savanna,Daucus,carrota,53,43.204494,-89.914376,13,110,112,180,192,191,191,240,244,304,304,141,150,300,352,171,181,256,296,181,185,267,267,185,185,352,352,13,44,FALSE,44
BAFF090,Tai_2020_674,female,no,NA,wisconsin,dane,2020,2020-08-17T00:00:00Z,Merry Street,NA,NA,18,43.089435,-89.358527,1,108,108,180,180,193,193,240,240,308,308,150,150,300,300,165,165,296,296,195,195,267,267,185,185,356,356,13,45,FALSE,45
BAFF385,8-5-2021_T1_Swelstad Prairie,female,NA,NA,wisconsin,brown,2021,2021-08-05T00:00:00Z,Swelstad Prairie,NA,NA,46,44.532933,-88.13277,1,110,114,180,180,191,193,232,240,304,308,150,150,300,356,165,171,260,296,185,189,267,267,185,185,356,356,13,45,FALSE,45
BAFF077,Tai_2020_691,female,no,NA,wisconsin,dane,2020,2020-08-21T00:00:00Z,Behind 7637 Farmington Way,NA,NA,15,43.073197,-89.516635,20,108,108,198,198,193,193,232,238,304,304,126,126,328,328,183,183,262,262,195,195,267,267,185,185,360,360,13,46,TRUE,s
BAFF175,104,female,NA,NA,illinois,rock,2021,2021-07-24T00:00:00Z,Chief Illiniwek Forest Preserve,Monarda,fistulosa,19,41.56265996,-90.40148797,17,106,112,186,186,193,193,230,240,304,308,138,141,336,344,165,165,248,298,199,201,267,279,185,185,352,356,13,47,TRUE,s
BAFF178,107,female,NA,NA,illinois,rock,2021,2021-07-24T00:00:00Z,Chief Illiniwek Forest Preserve,Monarda,fistulosa,19,41.56266902,-90.40145704,17,106,112,186,192,191,193,240,244,300,308,138,150,338,352,171,181,258,262,201,203,279,279,185,185,344,356,13,48,TRUE,s
BAFF180,109,female,NA,NA,illinois,rock,2021,2021-07-24T00:00:00Z,Chief Illiniwek Forest Preserve,Monarda,fistulosa,19,41.56259903,-90.40138696,17,106,112,180,186,193,193,236,242,300,308,141,141,300,300,165,171,258,262,201,201,267,267,185,185,352,364,13,49,TRUE,s
BAFF181,110,female,NA,NA,illinois,rock,2021,2021-07-24T00:00:00Z,Chief Illiniwek Forest Preserve,Monarda,fistulosa,19,41.56235897,-90.40174504,17,108,112,186,192,193,193,244,244,304,308,126,141,342,348,167,167,296,296,193,195,267,267,173,185,360,368,13,50,FALSE,50
BAFF183,113,female,NA,NA,illinois,rock,2021,2021-07-24T00:00:00Z,Chief Illiniwek Forest Preserve,Monarda,fistulosa,19,41.562321,-90.40175702,17,108,108,186,192,193,193,244,244,304,308,126,141,342,348,167,167,296,296,193,195,267,267,185,185,360,368,13,50,FALSE,50
BAFF182,111,female,NA,NA,illinois,rock,2021,2021-07-24T00:00:00Z,Chief Illiniwek Forest Preserve,Monarda,fistulosa,19,41.562335,-90.40169802,17,110,110,186,186,191,193,232,240,300,304,138,174,300,300,165,181,248,266,193,195,267,267,185,185,352,352,13,51,FALSE,51
BAFF438,jmk-13jul21-03,female,NA,NA,wisconsin,walworth,2021,2021-07-13T00:00:00Z,Turtle Valley Wildlife Area (0074F),Monarda,fistulosa,50,42.7195896,-88.61523962,45,110,110,186,186,NA,NA,NA,NA,300,300,123,150,300,342,165,165,248,264,191,209,267,267,185,189,352,356,11,51,FALSE,51
BAFF469,jmk-29jul21-30,female,NA,NA,wisconsin,walworth,2021,2021-07-29T00:00:00Z,Turtle Valley Wildlife Area (0074F),Monarda,fistulosa,50,42.7138146,-88.6258426,45,110,110,186,186,191,193,238,240,300,304,123,150,300,342,165,165,248,266,191,209,267,279,185,185,352,356,13,51,FALSE,51
BAFF188,118,female,NA,NA,illinois,rock,2021,2021-07-24T00:00:00Z,Chief Illiniwek Forest Preserve,Monarda,fistulosa,19,41.562365,-90.40171101,17,108,110,186,192,185,191,230,238,304,308,141,162,300,300,165,165,248,254,185,199,267,267,185,185,356,356,13,52,FALSE,52
BAFF221,151,female,NA,NA,illinois,mchenry,2021,2021-07-30T00:00:00Z,Flint Creek Nature Preserve,Pycnanthemum,sp.,25,42.192059,-88.17007204,6,116,116,186,186,191,191,238,238,304,304,162,162,314,314,165,165,248,248,193,195,267,267,185,185,356,356,13,52,FALSE,52
BAFF189,119,female,NA,NA,illinois,lee,2021,2021-07-25T00:00:00Z,Nachusa Grasslands,NA,NA,20,41.89295104,-89.37718201,15,108,110,186,186,191,197,244,244,304,308,132,150,298,298,165,181,248,266,191,205,267,267,185,185,360,360,13,53,FALSE,53
BAFF195,125,female,NA,NA,illinois,lee,2021,2021-07-25T00:00:00Z,Nachusa Grasslands,Pycnanthemum,sp.,20,41.89210304,-89.37700398,15,108,110,186,186,191,197,236,244,304,308,132,150,298,300,165,181,248,266,205,207,267,267,185,185,360,360,13,53,FALSE,53
BAFF196,126,female,NA,NA,illinois,lee,2021,2021-07-25T00:00:00Z,Nachusa Grasslands,Pycnanthemum,sp.,20,41.89372402,-89.37729098,15,108,110,186,186,191,197,236,244,304,308,132,150,298,300,165,181,248,266,205,207,267,267,185,185,360,360,13,53,FALSE,53
BAFF191,121,female,NA,NA,illinois,lee,2021,2021-07-25T00:00:00Z,Nachusa Grasslands,Pycnanthemum,sp.,20,41.89220496,-89.37720004,15,104,106,192,192,191,193,236,240,300,308,129,141,298,334,165,169,256,258,177,181,267,279,185,185,348,356,13,54,FALSE,54
BAFF211,141,female,NA,NA,illinois,winnebago,2021,2021-07-27T00:00:00Z,Cedar Cliffs Forest Preserve,Campanula,cf. americana,22,42.16719601,-89.16327802,6,106,114,192,192,193,193,240,244,300,300,129,141,306,348,165,181,264,288,181,197,267,267,185,185,348,356,13,54,FALSE,54
BAFF192,122,female,NA,NA,illinois,lee,2021,2021-07-25T00:00:00Z,Nachusa Grasslands,Pycnanthemum,sp.,20,41.89217001,-89.37764,15,114,116,180,192,191,193,236,240,304,304,132,150,300,344,165,181,260,302,191,191,267,267,185,185,356,356,13,55,TRUE,s
BAFF193,123,female,NA,NA,illinois,lee,2021,2021-07-25T00:00:00Z,Nachusa Grasslands,Pycnanthemum,sp.,20,41.892211,-89.37731302,15,114,114,186,186,193,193,232,240,300,304,141,153,300,300,165,165,264,278,183,213,267,279,185,185,352,356,13,56,FALSE,56
BAFF491,jmk-23jul21-05,female,NA,NA,wisconsin,jefferson,2021,2021-07-23T00:00:00Z,Madison Audubon Faville Grove Sanctuary,Pycnanthemum,sp.,52,43.145662,-88.874507,8,104,108,186,186,193,193,240,242,304,304,141,165,300,304,165,179,264,264,209,211,267,279,185,185,352,356,13,56,FALSE,56
BAFF197,127,female,NA,NA,illinois,ogle,2021,2021-07-25T00:00:00Z,Nachusa Grasslands,Monarda,fistulosa,20,41.92082003,-89.352286,15,108,114,186,186,191,191,230,238,304,308,126,141,322,322,165,177,254,268,201,203,267,267,185,185,348,360,13,58,TRUE,s
BAFF198,128,female,NA,NA,illinois,lee,2021,2021-07-26T00:00:00Z,Nachusa Grasslands,Eutrochium,maculatum,20,41.874694,-89.35392098,15,106,114,180,186,193,193,244,244,304,304,129,141,334,344,169,171,248,296,175,181,267,279,185,185,348,356,13,59,TRUE,s
BAFF201,131,female,NA,NA,illinois,winnebago,2021,2021-07-27T00:00:00Z,Kieselburg Forest Preserve,Monarda,fistulosa,21,42.39078596,-89.00121602,5,114,116,180,186,193,193,236,244,304,308,141,156,NA,NA,169,177,244,290,183,191,267,267,185,185,344,352,12,61,FALSE,61
BAFF202,132,female,NA,NA,illinois,winnebago,2021,2021-07-27T00:00:00Z,Kieselburg Forest Preserve,Monarda,fistulosa,21,42.38913699,-88.999918,5,114,116,180,186,193,193,236,244,304,308,141,156,NA,NA,169,177,244,290,191,209,267,267,185,185,344,356,12,61,FALSE,61
BAFF203,133,female,NA,NA,illinois,winnebago,2021,2021-07-27T00:00:00Z,Kieselburg Forest Preserve,Monarda,fistulosa,21,42.38913498,-88.99944702,5,114,116,180,180,193,193,244,244,304,308,141,156,NA,NA,169,177,268,290,183,191,267,267,185,185,344,356,12,61,FALSE,61
BAFF205,135,female,NA,NA,illinois,winnebago,2021,2021-07-27T00:00:00Z,Kieselburg Forest Preserve,Monarda,fistulosa,21,42.38915501,-88.99948298,5,108,116,180,186,193,193,244,244,304,308,141,156,NA,NA,167,169,244,290,183,191,267,267,185,185,344,352,12,61,FALSE,61
BAFF204,134,female,NA,NA,illinois,winnebago,2021,2021-07-27T00:00:00Z,Kieselburg Forest Preserve,Monarda,fistulosa,21,42.38917102,-88.99954501,5,108,108,180,186,193,193,240,240,304,304,129,141,306,324,177,181,244,264,181,191,267,279,185,185,348,356,13,62,TRUE,s
BAFF206,136,female,NA,NA,illinois,winnebago,2021,2021-07-27T00:00:00Z,Cedar Cliffs Forest Preserve,Eutrochium,cf. maculatum,22,42.16714698,-89.16303101,6,106,116,186,186,191,191,240,257,304,308,156,174,334,334,165,205,254,292,199,201,267,267,173,185,348,356,13,63,TRUE,s
BAFF207,137,female,NA,NA,illinois,winnebago,2021,2021-07-27T00:00:00Z,Cedar Cliffs Forest Preserve,Eutrochium,cf. maculatum,22,42.16715897,-89.16303403,6,114,114,186,186,191,191,236,236,300,300,129,129,344,344,171,171,268,268,181,181,267,267,173,173,352,352,13,64,TRUE,s
BAFF209,139,female,NA,NA,illinois,winnebago,2021,2021-07-27T00:00:00Z,Cedar Cliffs Forest Preserve,Arctium,minus,22,42.16737304,-89.16286203,6,112,116,186,186,191,191,230,244,304,304,129,150,298,334,165,179,258,290,NA,NA,267,267,189,189,352,360,12,65,TRUE,s
BAFF210,140,female,NA,NA,illinois,winnebago,2021,2021-07-27T00:00:00Z,Cedar Cliffs Forest Preserve,Campanula,cf. americana,22,42.16718797,-89.16325103,6,112,114,186,186,191,197,240,244,308,308,141,150,300,300,165,171,244,260,193,193,279,279,173,185,352,352,13,66,TRUE,s
BAFF212,142,female,NA,NA,illinois,mchenry,2021,2021-07-28T00:00:00Z,Morain Hills,Monarda,fistulosa,23,42.32083303,-88.21812498,1,106,108,186,186,193,193,240,246,304,308,141,141,300,348,165,171,254,256,201,205,267,267,173,185,344,348,13,67,FALSE,67
BAFF490,jmk-23jul21-04,female,NA,NA,wisconsin,jefferson,2021,2021-07-23T00:00:00Z,Madison Audubon Faville Grove Sanctuary,Veronicastrum,virginicum,52,43.145662,-88.874507,8,106,108,186,186,193,193,236,240,304,304,141,153,300,306,165,171,256,262,NA,NA,267,267,189,189,348,356,12,67,FALSE,67
BAFF217,147,female,NA,NA,illinois,mchenry,2021,2021-07-30T00:00:00Z,Flint Creek Nature Preserve,Sonchus,arvensis,25,42.19242403,-88.17054402,6,110,112,186,192,193,193,240,248,304,308,129,150,298,334,165,179,258,288,189,199,267,267,185,185,352,360,13,69,FALSE,69
BAFF245,174,female,NA,NA,iowa,winneshiek,2021,2021-08-04T00:00:00Z,Seed Savers - wet meadow,Eutrochium,cf. maculatum,5,43.38373404,-91.79950199,14,108,110,186,192,193,193,236,240,304,304,129,150,300,322,169,179,254,288,177,193,267,267,185,185,352,352,13,69,FALSE,69
BAFF218,148,female,NA,NA,illinois,mchenry,2021,2021-07-30T00:00:00Z,Flint Creek Nature Preserve,Sonchus,arvensis,25,42.19243996,-88.170554,6,110,114,186,186,191,193,236,240,304,308,141,150,298,334,167,171,250,288,183,183,267,267,185,185,352,356,13,70,FALSE,70
BAFF519,jmk-20jul21-11,female,NA,NA,wisconsin,sauk,2021,2021-07-20T00:00:00Z,Foxglove Savanna,Daucus,carrota,53,43.204494,-89.914376,13,110,114,186,186,193,193,236,240,308,308,141,150,298,326,171,177,254,260,191,199,267,267,185,185,352,356,13,70,FALSE,70
BAFF219,149,female,NA,NA,illinois,mchenry,2021,2021-07-30T00:00:00Z,Flint Creek Nature Preserve,Sonchus,arvensis,25,42.19242998,-88.17056498,6,108,110,186,192,191,191,240,244,308,308,126,129,306,306,165,165,248,292,185,201,267,279,185,185,356,360,13,71,FALSE,71
BAFF381,8-12-2021_T1_Neshota Park,female,NA,NA,wisconsin,brown,2021,2021-08-12T00:00:00Z,Neshota Park,NA,NA,43,44.39365,-87.81379,1,108,110,186,192,191,193,230,240,304,308,129,150,304,306,165,165,254,310,191,203,267,267,185,185,352,360,13,71,FALSE,71
BAFF220,150,female,NA,NA,illinois,mchenry,2021,2021-07-30T00:00:00Z,Flint Creek Nature Preserve,Pycnanthemum,sp.,25,42.192001,-88.17029701,6,116,116,180,180,191,191,240,240,304,304,150,150,330,330,193,193,248,248,197,197,267,267,185,185,352,352,13,72,TRUE,s
BAFF222,152,female,nest,NA,wisconsin,dane,2021,2021-08-02T00:00:00Z,Owen Conservation Area,NA,NA,15,43.07225397,-89.488518,20,108,108,186,186,191,191,240,240,308,308,141,141,344,344,171,171,248,248,191,191,267,267,185,185,364,364,13,73,TRUE,s
BAFF223,153,female,nest,NA,wisconsin,dane,2021,2021-08-02T00:00:00Z,Owen Conservation Area,NA,NA,15,43.07225003,-89.48850601,20,108,114,180,192,193,193,232,240,304,308,132,150,300,338,165,165,248,260,191,191,267,267,185,185,352,356,13,74,FALSE,74
BAFF224,154,female,nest,NA,wisconsin,dane,2021,2021-08-02T00:00:00Z,Owen Conservation Area,NA,NA,15,43.072259,-89.48854004,20,108,114,192,192,193,193,232,240,304,304,132,186,300,338,165,173,260,260,191,191,267,267,185,185,352,356,13,74,FALSE,74
BAFF524,jmk-8sep21-01,female,nest,NA,wisconsin,dane,2021,2021-09-08T00:00:00Z,Owen Conservation Park,NA,NA,15,43.0722856,-89.4879418,20,108,114,180,192,193,193,232,240,304,304,132,150,300,338,165,173,260,286,191,209,267,267,185,185,352,356,13,74,FALSE,74
BAFF525,jmk-8sep21-02,female,nest,NA,wisconsin,dane,2021,2021-09-08T00:00:00Z,Owen Conservation Park,NA,NA,15,43.0722856,-89.4879418,20,108,114,180,192,177,193,232,240,304,304,132,150,300,306,165,165,248,260,191,209,267,267,185,185,352,360,13,74,FALSE,74
BAFF526,jmk-8sep21-03,female,nest,NA,wisconsin,dane,2021,2021-09-08T00:00:00Z,Owen Conservation Park,NA,NA,15,43.0722856,-89.4879418,20,106,114,180,192,193,193,232,240,304,308,132,150,300,338,165,165,248,260,191,215,267,267,185,185,352,360,13,74,FALSE,74
BAFF225,155,female,NA,NA,wisconsin,waukesha,2021,2021-08-02T00:00:00Z,Retzer Conservation Center,Monarda,fistulosa,26,43.01577101,-88.31176098,2,106,108,180,186,191,193,236,240,304,304,147,150,300,352,165,171,260,268,179,199,279,279,185,185,352,356,13,75,TRUE,s
BAFF226,156,female,NA,NA,wisconsin,waukesha,2021,2021-08-02T00:00:00Z,Retzer Conservation Center,Monarda,fistulosa,26,43.01570596,-88.31180197,2,110,110,186,198,191,191,240,240,304,308,135,150,298,322,179,185,256,256,179,189,267,279,185,185,348,360,13,76,TRUE,s
BAFF238,170,female,NA,NA,wisconsin,ozaukee,2021,2021-08-03T00:00:00Z,Riveredge Nature Center,Pycnanthemum,sp.,28,43.43708804,-88.02439397,4,114,114,180,186,193,193,236,242,300,304,129,150,298,354,165,179,258,260,197,199,267,267,185,185,352,364,13,77,TRUE,s
BAFF239,1,female,NA,NA,illinois,rock,2021,2021-07-17T00:00:00Z,Chief Illiniwek Forest Preserve,Monarda,fistulosa,19,41.56263,-90.401562,17,108,112,186,192,193,193,230,230,300,300,138,162,342,342,165,165,296,300,185,185,267,267,173,185,352,352,13,78,FALSE,78
BAFF241,3,female,NA,NA,illinois,rock,2021,2021-07-17T00:00:00Z,Chief Illiniwek Forest Preserve,Monarda,fistulosa,19,41.56263,-90.401562,17,112,112,186,186,193,193,232,232,300,300,162,162,342,342,165,165,296,296,193,195,267,267,185,185,352,352,13,78,FALSE,78
BAFF240,2,female,NA,NA,illinois,rock,2021,2021-07-17T00:00:00Z,Chief Illiniwek Forest Preserve,Monarda,fistulosa,19,41.56263,-90.401562,17,108,114,186,192,193,193,238,244,304,304,138,147,298,336,165,165,248,264,187,189,267,267,189,189,352,356,13,79,TRUE,s
BAFF243,172,female,NA,NA,wisconsin,ozaukee,2021,2021-08-03T00:00:00Z,Riveredge Nature Center,Arnoglossum,atriplicifolium,28,43.43816997,-88.022846,4,108,110,192,192,185,185,242,242,304,308,126,138,298,344,165,181,248,286,207,209,267,279,185,185,336,352,13,80,TRUE,s
BAFF244,173,female,NA,NA,iowa,winneshiek,2021,2021-08-04T00:00:00Z,Seed Savers - wet meadow,Rudbeckia,laciniata,5,43.38261799,-91.80115499,14,106,106,180,186,193,193,240,240,304,308,129,150,300,322,181,181,264,292,191,197,267,279,185,185,356,356,13,81,FALSE,81
BAFF247,176,female,NA,NA,iowa,winneshiek,2021,2021-08-04T00:00:00Z,Seed Savers - wet meadow,Silphium,perfoliatum,5,43.38384703,-91.79925104,14,106,108,180,180,191,193,240,240,304,308,129,150,300,322,173,181,276,292,191,191,267,279,185,185,356,356,13,81,FALSE,81
BAFF248,177,female,NA,NA,iowa,winneshiek,2021,2021-08-04T00:00:00Z,Seed Savers - wet meadow,Silphium,perfoliatum,5,43.38389698,-91.798037,14,106,108,180,180,191,193,240,240,304,308,129,150,322,342,181,181,264,292,197,199,267,279,185,185,356,356,13,81,FALSE,81
BAFF249,178,female,NA,NA,iowa,winneshiek,2021,2021-08-04T00:00:00Z,Seed Savers - wet meadow,Eutrochium,cf. maculatum,5,43.38360496,-91.797534,14,106,106,180,180,191,193,240,240,304,308,129,150,300,322,173,181,276,292,191,197,267,279,185,185,356,356,13,81,FALSE,81
BAFF251,180,female,NA,NA,iowa,winneshiek,2021,2021-08-04T00:00:00Z,Seed Savers - wet meadow,Silphium,perfoliatum,5,43.38297003,-91.79683797,14,106,106,180,186,193,193,240,240,304,308,129,150,322,342,173,181,276,292,191,197,267,279,185,185,356,356,13,81,FALSE,81
BAFF246,175,female,NA,NA,iowa,winneshiek,2021,2021-08-04T00:00:00Z,Seed Savers - wet meadow,Eutrochium,cf. maculatum,5,43.38381099,-91.79939898,14,110,114,186,186,191,193,236,242,304,304,141,168,298,344,165,181,260,260,181,181,267,267,185,185,344,356,13,82,FALSE,82
BAFF250,179,female,NA,NA,iowa,winneshiek,2021,2021-08-04T00:00:00Z,Seed Savers - wet meadow,Silphium,perfoliatum,5,43.38301202,-91.79660797,14,106,114,180,186,191,193,236,242,304,304,150,168,344,344,165,181,248,260,181,181,267,267,185,185,344,352,13,82,FALSE,82
BAFF255,MJH20210628_A,female,NA,NA,west virginia,pocahontas,2021,2021-06-28T00:00:00Z,2021 Site 1,Thalictrum,pubescens,29,38.41698,-79.76406,11,106,108,186,186,181,191,232,234,300,304,147,150,314,350,165,177,272,286,207,209,267,267,173,185,344,348,13,83,FALSE,83
BAFF298,MJH20210821_A,female,NA,NA,west virginia,pocahontas,2021,2021-08-21T00:00:00Z,2021 Site 17,Carduus,acanthoides,29,38.38453,-79.77331,11,106,108,186,186,191,191,232,232,304,304,144,147,350,356,177,185,262,282,207,209,267,279,173,185,356,356,13,83,FALSE,83
BAFF256,MJH20210628_B,female,NA,NA,west virginia,pocahontas,2021,2021-06-28T00:00:00Z,2021 Site 1,Hydrangea,arborescens,29,38.41715,-79.76366,11,108,114,186,186,181,193,236,240,300,308,144,150,300,300,167,179,270,280,193,207,267,279,173,185,352,352,13,84,FALSE,84
BAFF257,MJH20210628_C,female,NA,NA,west virginia,pocahontas,2021,2021-06-28T00:00:00Z,2021 Site 2,Hydrangea,arborescens,29,38.3763,-79.78925,11,108,114,186,192,181,185,232,236,300,308,150,153,314,336,167,179,270,280,207,207,267,279,185,185,352,352,13,84,FALSE,84
BAFF260,MJH20210706_A,female,NA,NA,west virginia,pocahontas,2021,2021-07-06T00:00:00Z,2021 Site 1,Thalictrum,pubescens,29,38.41701,-79.76389,11,108,114,186,186,188,193,234,236,300,304,144,153,300,314,167,179,260,280,197,207,279,279,185,185,352,352,13,84,FALSE,84
BAFF261,MJH20210706_C,female,NA,NA,west virginia,pocahontas,2021,2021-07-06T00:00:00Z,2021 Site 1,Hydrangea,arborescens,29,38.41718,-79.76365,11,106,108,186,192,185,193,229,232,300,304,150,153,314,336,165,167,278,280,193,193,279,279,185,185,352,356,13,84,FALSE,84
BAFF258,MJH20210628_D,female,NA,NA,west virginia,pocahontas,2021,2021-06-28T00:00:00Z,2021 Site 2,Hydrangea,arborescens,29,38.37629,-79.78956,11,108,108,186,186,193,193,232,244,304,304,120,150,318,318,165,165,256,268,197,207,267,267,185,185,356,356,13,85,TRUE,s
BAFF259,MJH20210628_E,female,NA,NA,west virginia,pocahontas,2021,2021-06-28T00:00:00Z,2021 Site 2,Hydrangea,arborescens,29,38.37631,-79.78675,11,108,108,186,186,191,193,232,240,304,308,150,153,300,300,167,167,260,270,195,195,267,267,173,173,352,364,13,86,FALSE,86
BAFF299,MJH20210821_B,female,NA,NA,west virginia,pocahontas,2021,2021-08-21T00:00:00Z,2021 Site 18,Cirsium,discolor,29,38.37206,-79.77198,11,108,108,186,186,181,191,234,238,304,304,150,153,314,314,167,169,256,260,193,195,267,267,173,173,364,364,13,86,FALSE,86
BAFF262,MJH20210707_A,female,NA,NA,virginia,bath,2021,2021-07-07T00:00:00Z,2021 Site 3,NA,NA,30,38.1209,-79.91489,5,108,116,186,192,185,191,240,240,304,304,144,150,300,314,167,167,266,282,193,195,267,267,185,185,356,356,13,87,FALSE,87
BAFF294,MJH20210820_B,female,NA,NA,west virginia,greenbrier,2021,2021-08-20T00:00:00Z,2021 Site 12,Verbasina,alternifolia,2,37.96618,-80.1307,12,108,116,186,186,191,191,240,244,304,304,144,165,314,362,167,175,272,282,193,209,267,267,173,185,356,360,13,87,FALSE,87
BAFF266,MJH20210725_B,female,NA,NA,west virginia,pendleton,2021,2021-07-26T00:00:00Z,2021 Site 4,Carduus,acanthoides,31,38.48612,-79.24752,9,108,118,186,198,179,191,232,242,304,304,150,171,300,356,165,167,256,282,189,199,267,267,185,185,352,356,13,88,TRUE,s
BAFF269,MJH20210725_E,female,NA,NA,west virginia,pendleton,2021,2021-07-26T00:00:00Z,2021 Site 4,Carduus,acanthoides,31,38.48864,-79.25018,9,108,120,186,198,191,191,240,244,300,304,135,135,316,364,165,165,228,258,177,185,267,267,185,185,344,356,13,89,TRUE,s
BAFF274,MJH20210803_B,female,NA,NA,west virginia,pocahontas,2021,2021-08-03T00:00:00Z,2021 Site 9,Eutrochium,purpureum,33,38.30232,-79.82317,1,108,110,186,186,193,193,229,232,304,304,147,150,300,314,167,167,268,280,191,193,267,279,185,185,352,356,13,90,TRUE,s
BAFF282,MJH20210811_D,female,NA,NA,west virginia,greenbrier,2021,2021-08-11T00:00:00Z,2021 Site 12,Verbasina,alternifolia,2,37.96669,-80.12927,12,114,116,167,186,191,193,244,244,304,308,144,147,338,362,167,179,256,270,185,215,267,267,185,185,356,364,13,91,TRUE,s
BAFF290,MJH20210818_A,female,NA,NA,west virginia,greenbrier,2021,2021-08-18T00:00:00Z,2021 Site 12,Verbasina,alternifolia,2,37.96655,-80.1299,12,110,114,186,192,181,193,240,240,300,304,144,150,318,334,167,179,254,254,193,213,267,282,185,185,352,364,13,92,TRUE,s
BAFF292,MJH20210818_C,female,NA,NA,west virginia,greenbrier,2021,2021-08-18T00:00:00Z,2021 Site 12,Verbasina,alternifolia,2,37.96669,-80.12939,12,108,120,186,186,191,193,238,244,300,304,150,177,334,334,165,167,260,286,185,215,267,267,185,185,352,360,13,93,FALSE,93
BAFF295,MJH20210820_C,female,NA,NA,west virginia,greenbrier,2021,2021-08-20T00:00:00Z,2021 Site 12,Verbasina,alternifolia,2,37.96614,-80.13062,12,108,108,186,186,193,193,234,240,300,304,150,150,316,334,165,177,270,270,185,185,267,267,185,185,344,352,13,93,FALSE,93
BAFF296,MJH20210820_D,female,NA,NA,west virginia,greenbrier,2021,2021-08-20T00:00:00Z,2021 Site 12,Cirsium,discolor,2,37.96618,-80.13053,12,108,120,186,186,193,193,238,240,304,308,150,177,334,360,165,177,270,286,215,217,267,267,185,185,352,360,13,93,FALSE,93
BAFF301,mlb-mccarthy-17jun21-affinis-01-leg,female,NA,NA,minnesota,wabasha,2021,2021-06-17T00:00:00Z,mccarthy lake,Vicia,americana,35,44.263884,-91.95975,1,112,114,186,186,191,193,236,240,304,308,141,153,300,300,167,167,270,270,209,209,267,267,185,185,356,360,13,94,FALSE,94
BAFF488,jmk-23jul21-02,female,NA,NA,wisconsin,jefferson,2021,2021-07-23T00:00:00Z,Madison Audubon Faville Grove Sanctuary,Veronicastrum,virginicum,52,43.145662,-88.874507,8,108,114,186,192,191,193,236,240,304,308,141,153,322,350,165,167,252,282,177,213,267,267,173,185,360,360,13,94,FALSE,94
BAFF302,mlb-ameslake-26jun21-affinis-01-leg,female,NA,NA,minnesota,ramsey,2021,2021-06-25T00:00:00Z,ames lake,Thalictrum,sp.,9,44.97425,-93.041424,19,110,110,186,198,188,193,240,242,300,304,147,150,306,338,165,173,256,256,193,195,267,267,185,185,352,356,13,95,TRUE,s
BAFF303,mlb-nova-04jul21-affinis-01-leg,female,NA,NA,minnesota,ramsey,2021,2021-07-04T00:00:00Z,nova,Sorbaria,sorbifolia,6,44.91888,-93.134072,32,106,108,186,192,191,191,232,238,308,308,150,150,324,324,167,173,258,266,193,209,267,267,185,185,356,356,13,96,FALSE,96
BAFF305,mlb-nova-04jul21-affinis-03-leg,female,NA,NA,minnesota,ramsey,2021,2021-07-04T00:00:00Z,nova,Sorbaria,sorbifolia,6,44.91888,-93.134072,32,106,108,186,186,191,193,238,244,308,308,150,156,324,324,167,173,258,266,195,209,267,267,185,185,356,356,13,96,FALSE,96
BAFF304,mlb-nova-04jul21-affinis-02-leg,female,NA,NA,minnesota,ramsey,2021,2021-07-04T00:00:00Z,nova,Sorbaria,sorbifolia,6,44.91888,-93.134072,32,108,108,180,186,191,193,240,240,300,300,123,129,298,300,173,173,246,254,NA,NA,267,267,185,185,356,356,12,97,TRUE,s
BAFF306,mlb-nova-04jul21-affinis-04-leg,female,NA,NA,minnesota,ramsey,2021,2021-07-04T00:00:00Z,nova,Sorbaria,sorbifolia,6,44.91888,-93.134072,32,114,114,186,186,191,193,238,244,304,308,156,156,304,326,173,183,254,260,185,191,267,267,185,189,352,356,13,98,TRUE,s
BAFF307,mlb-nova-04jul21-affinis-05-leg,female,NA,NA,minnesota,ramsey,2021,2021-07-04T00:00:00Z,nova,Sorbaria,sorbifolia,6,44.91888,-93.134072,32,108,114,186,186,193,197,238,244,304,304,129,156,300,340,167,171,264,288,185,195,267,267,189,189,348,352,13,99,TRUE,s
BAFF308,mlb-nova-04jul21-affinis-07-leg,female,NA,NA,minnesota,ramsey,2021,2021-07-04T00:00:00Z,nova,Sorbaria,sorbifolia,6,44.91888,-93.134072,32,110,114,186,186,191,191,229,244,304,304,150,150,300,322,165,165,254,298,187,213,267,267,185,185,340,356,13,100,TRUE,s
BAFF309,mlb-nova-04jul21-affinis-08-leg,female,NA,NA,minnesota,ramsey,2021,2021-07-04T00:00:00Z,nova,Sorbaria,sorbifolia,6,44.91888,-93.134072,32,110,114,186,186,193,193,240,242,304,308,129,150,304,326,171,185,264,286,167,189,267,279,185,189,352,356,13,101,TRUE,s
BAFF310,mlb-lonelake-12jul21-affinis-01-leg,female,NA,NA,minnesota,hennepin,2021,2021-07-12T00:00:00Z,lone lake park-rain garden,Lotus,corniculatus,36,44.900004,-93.428906,5,112,112,186,186,193,193,238,238,304,304,129,129,300,300,173,173,336,336,167,167,267,267,185,185,364,364,13,102,TRUE,s
BAFF311,mlb-lonelake-12jul21-affinis-02-leg,female,NA,NA,minnesota,hennepin,2021,2021-07-07T00:00:00Z,lone lake park-rain garden,Monarda,fistulosa,36,44.900004,-93.428906,5,116,116,186,186,181,181,236,236,308,308,138,150,326,330,175,175,268,290,NA,NA,267,267,189,189,352,356,12,103,TRUE,s
BAFF312,mlb-nest-19july21-affinis-01-leg,female,NA,NA,wisconsin,la crosse,2021,2021-07-19T00:00:00Z,nest,Pycnanthemum,sp.,37,43.80668,-91.19545,18,108,112,180,192,179,193,240,240,300,304,150,168,336,352,165,169,252,256,197,197,267,267,185,185,364,364,13,104,FALSE,104
BAFF313,mlb-nest-19july21-affinis-02-leg,female,nest,NA,wisconsin,la crosse,2021,2021-07-19T00:00:00Z,nest,NA,NA,37,43.80668,-91.19545,18,108,112,186,192,179,193,240,240,300,308,150,168,336,350,165,169,252,264,195,213,267,267,173,185,364,364,13,104,FALSE,104
BAFF314,mlb-nest-19july21-affinis-03-leg,female,nest,NA,wisconsin,la crosse,2021,2021-07-19T00:00:00Z,nest,NA,NA,37,43.80668,-91.19545,18,108,112,186,192,179,193,240,240,300,304,150,168,336,350,165,169,252,256,197,213,267,267,173,185,364,364,13,104,FALSE,104
BAFF315,mlb-nest-19july21-affinis-04-leg,female,nest,NA,wisconsin,la crosse,2021,2021-07-19T00:00:00Z,nest,NA,NA,37,43.80668,-91.19545,18,108,112,180,192,191,193,240,240,300,308,150,168,300,350,165,169,252,264,197,197,267,267,185,185,352,364,13,104,FALSE,104
BAFF316,mlb-nest-19july21-affinis-05-leg,female,nest,NA,wisconsin,la crosse,2021,2021-07-19T00:00:00Z,nest,NA,NA,37,43.80668,-91.19545,18,108,112,186,192,179,193,240,240,300,304,150,168,336,352,165,169,252,256,195,213,267,267,173,185,364,364,13,104,FALSE,104
BAFF317,mlb-nest-19july21-affinis-06-leg,female,nest,NA,wisconsin,la crosse,2021,2021-07-19T00:00:00Z,nest,NA,NA,37,43.80668,-91.19545,18,108,112,186,192,191,193,240,240,300,304,150,168,300,352,165,169,252,256,197,197,267,267,173,185,352,364,13,104,FALSE,104
BAFF318,mlb-nest-19july21-affinis-07-leg,female,nest,NA,wisconsin,la crosse,2021,2021-07-19T00:00:00Z,nest,NA,NA,37,43.80668,-91.19545,18,108,112,186,192,179,193,240,240,300,304,150,168,336,352,165,169,252,256,197,197,267,267,173,185,352,364,13,104,FALSE,104
BAFF319,mlb-nest-19july21-affinis-08-leg,female,nest,NA,wisconsin,la crosse,2021,2021-07-19T00:00:00Z,nest,NA,NA,37,43.80668,-91.19545,18,108,112,186,192,191,193,240,240,300,304,150,168,336,352,165,169,252,256,197,197,267,267,185,185,364,364,13,104,FALSE,104
BAFF321,mlb-nest-19july21-affinis-10-leg,female,nest,NA,wisconsin,la crosse,2021,2021-07-19T00:00:00Z,nest,NA,NA,37,43.80668,-91.19545,18,108,112,180,192,191,193,240,240,300,308,150,168,336,352,165,169,252,264,195,213,267,267,185,185,352,364,13,104,FALSE,104
BAFF322,mlb-nest-19july21-affinis-11-leg,female,nest,NA,wisconsin,la crosse,2021,2021-07-19T00:00:00Z,nest,NA,NA,37,43.80668,-91.19545,18,108,112,NA,NA,193,193,240,240,300,308,150,168,336,352,165,169,252,256,197,213,267,267,185,185,364,364,12,104,FALSE,104
BAFF323,mlb-nest-19july21-affinis-12-leg,female,nest,NA,wisconsin,la crosse,2021,2021-07-19T00:00:00Z,nest,NA,NA,37,43.80668,-91.19545,18,108,112,180,192,191,193,240,240,300,304,150,168,336,352,165,169,252,256,197,213,267,267,185,185,364,364,13,104,FALSE,104
BAFF387,6-23-2021_T1_Dobson Tract,female,NA,NA,wisconsin,la crosse,2021,2021-06-23T00:00:00Z,Dobson Tract,NA,NA,37,43.80673,-91.19552,18,108,112,186,192,177,193,238,238,300,304,150,168,300,352,165,169,252,264,197,197,267,267,173,185,364,364,13,104,FALSE,104
BAFF388,6-23-2021_T2_Dobson Tract,female,NA,NA,wisconsin,la crosse,2021,2021-06-23T00:00:00Z,Dobson Tract,NA,NA,37,43.80673,-91.19552,18,108,112,186,192,193,193,240,240,300,304,150,168,336,352,165,169,252,256,197,213,267,267,173,185,352,364,13,104,FALSE,104
BAFF527,jmk-2aug2021-01,female,nest,NA,wisconsin,la crosse,2021,2021-08-02T00:00:00Z,La Crosse,NA,NA,37,43.8071408,-91.1949389,18,108,112,186,192,177,193,240,240,300,304,150,168,336,352,165,169,252,256,197,197,267,267,173,185,364,364,13,104,FALSE,104
BAFF528,jmk-2aug2021-02,female,nest,NA,wisconsin,la crosse,2021,2021-08-02T00:00:00Z,La Crosse,NA,NA,37,43.8071408,-91.1949389,18,108,112,186,192,177,193,240,240,300,308,150,168,336,352,165,169,252,264,197,213,267,267,173,185,364,364,13,104,FALSE,104
BAFF325,mlb-nest-19july21-affinis-14-leg,female,NA,NA,wisconsin,la crosse,2021,2021-07-19T00:00:00Z,nest,Teucrium,canadense,37,43.80668,-91.19545,18,108,112,186,186,188,191,242,244,304,304,120,138,300,300,181,183,244,256,181,189,267,279,185,185,352,360,13,105,TRUE,s
BAFF326,mlb-hamline-14july21-affinis-01-leg,female,NA,NA,minnesota,ramsey,2021,2021-07-14T00:00:00Z,hamline,Astilbe,sp.,8,44.966626,-93.164547,28,108,110,186,192,193,193,238,240,308,308,129,150,324,352,165,167,250,254,189,195,267,267,185,185,356,356,13,106,FALSE,106
BAFF327,mlb-hamline-14july21-affinis-02-leg,female,NA,NA,minnesota,ramsey,2021,2021-07-14T00:00:00Z,hamline,Astilbe,sp.,8,44.966626,-93.164547,28,108,110,186,186,181,193,238,238,308,308,129,150,324,352,167,173,250,254,195,195,267,267,185,185,356,356,13,106,FALSE,106
BAFF328,mlb-hamline-14july21-affinis-03-leg,female,NA,NA,minnesota,ramsey,2021,2021-07-14T00:00:00Z,hamline,Astilbe,sp.,8,44.966626,-93.164547,28,108,110,186,186,181,193,238,240,308,308,129,150,304,324,167,173,254,300,189,193,267,267,185,185,356,356,13,106,FALSE,106
BAFF331,mlb-hamline-14july21-affinis-06-leg,female,NA,NA,minnesota,ramsey,2021,2021-07-14T00:00:00Z,hamline,Astilbe,sp.,8,44.966626,-93.164547,28,110,116,186,192,193,193,238,238,308,308,129,141,304,324,167,173,250,254,195,211,267,267,185,185,356,356,13,106,FALSE,106
BAFF333,mlb-hamline-14july21-affinis-08-leg,female,NA,NA,minnesota,ramsey,2021,2021-07-14T00:00:00Z,hamline,Astilbe,sp.,8,44.966626,-93.164547,28,110,116,186,192,181,193,238,240,304,308,129,150,304,324,165,167,254,300,189,195,267,267,185,185,356,356,13,106,FALSE,106
BAFF334,mlb-hamline-16july21-affinis-01-leg,female,NA,NA,minnesota,ramsey,2021,2021-07-16T00:00:00Z,hamline,Astilbe,sp.,8,44.966626,-93.164547,28,110,116,186,186,193,193,238,240,304,308,129,141,324,352,165,167,254,300,189,195,267,267,185,185,356,356,13,106,FALSE,106
BAFF337,mlb-hamline-16july21-affinis-04-leg,female,NA,NA,minnesota,ramsey,2021,2021-07-16T00:00:00Z,hamline,Astilbe,sp.,8,44.966626,-93.164547,28,108,110,186,192,193,193,238,240,308,308,129,150,324,352,165,167,250,254,189,195,267,267,185,185,356,356,13,106,FALSE,106
BAFF329,mlb-hamline-14july21-affinis-04-leg,female,NA,NA,minnesota,ramsey,2021,2021-07-14T00:00:00Z,hamline,Astilbe,sp.,8,44.966626,-93.164547,28,112,112,186,186,191,193,232,240,300,308,138,182,304,342,173,181,254,298,189,213,267,267,185,185,344,364,13,107,FALSE,107
BAFF336,mlb-hamline-16july21-affinis-03-leg,female,NA,NA,minnesota,ramsey,2021,2021-07-16T00:00:00Z,hamline,Astilbe,sp.,8,44.966626,-93.164547,28,112,112,186,186,191,193,240,240,308,308,150,182,330,342,173,181,254,262,189,189,267,267,173,185,344,364,13,107,FALSE,107
BAFF330,mlb-hamline-14july21-affinis-05-leg,female,NA,NA,minnesota,ramsey,2021,2021-07-14T00:00:00Z,hamline,Astilbe,sp.,8,44.966626,-93.164547,28,104,116,186,186,181,191,236,240,304,304,141,174,300,352,165,165,254,264,191,211,267,267,185,189,352,356,13,108,FALSE,108
BAFF332,mlb-hamline-14july21-affinis-07-leg,female,NA,NA,minnesota,ramsey,2021,2021-07-14T00:00:00Z,hamline,Astilbe,sp.,8,44.966626,-93.164547,28,104,116,186,186,181,191,236,240,304,304,141,174,300,352,165,173,264,300,191,211,267,267,185,189,352,356,13,108,FALSE,108
BAFF335,mlb-hamline-16july21-affinis-02-leg,female,NA,NA,minnesota,ramsey,2021,2021-07-16T00:00:00Z,hamline,Astilbe,sp.,8,44.966626,-93.164547,28,106,108,186,186,188,191,238,238,304,308,118,156,304,344,167,181,250,284,185,185,267,267,185,185,356,356,13,109,TRUE,s
BAFF339,mlb-troutbrook-16july21-affinis-02-leg,female,NA,NA,minnesota,ramsey,2021,2021-07-16T00:00:00Z,troutbrook,Monarda,fistulosa,9,44.975897,-93.09324,19,106,106,186,186,193,193,238,242,300,308,150,150,340,356,171,183,254,282,181,199,267,267,185,185,348,352,13,110,FALSE,110
BAFF340,mlb-troutbrook-16july21-affinis-03-leg,female,NA,NA,minnesota,ramsey,2021,2021-07-16T00:00:00Z,troutbrook,Monarda,fistulosa,9,44.975897,-93.09324,19,106,106,186,186,191,193,236,238,300,304,150,150,342,356,165,183,248,282,181,199,267,267,185,185,348,356,13,110,FALSE,110
BAFF341,mlb-troutbrook-16july21-affinis-04-leg,female,NA,NA,minnesota,ramsey,2021,2021-07-16T00:00:00Z,troutbrook,Melilotus,albus,9,44.975897,-93.09324,19,108,114,180,186,191,193,232,244,300,304,129,156,298,336,165,165,260,296,179,187,267,267,185,185,348,352,13,111,FALSE,111
BAFF472,jmk-29jul21-33,female,NA,NA,wisconsin,walworth,2021,2021-07-29T00:00:00Z,Turtle Valley Wildlife Area (0074F),Eryngium,yuccifolium,50,42.7138146,-88.6258426,45,108,108,180,186,191,193,232,236,304,304,129,150,318,346,165,165,258,296,191,195,267,267,185,185,348,352,13,111,FALSE,111
BAFF363,mlb-lebanon-04aug21-affinis-03-leg,female,NA,NA,minnesota,dakota,2021,2021-08-04T00:00:00Z,lebanon hills,Monarda,fistulosa,14,44.778774,-93.127164,56,108,112,180,192,193,197,238,244,308,308,150,174,300,300,165,183,250,250,NA,NA,267,267,173,189,356,364,12,112,TRUE,s
BAFF364,mlb-tiedemann-06aug21-affinis-01-leg,female,NA,NA,minnesota,NA,2021,2021-08-06T00:00:00Z,tiedemann,Monarda,fistulosa,38,44.312288,-92.596099,2,108,116,180,186,193,193,240,242,308,308,132,150,346,346,165,181,256,256,NA,NA,267,267,185,185,356,360,12,113,TRUE,s
BAFF365,mlb-tiedemann-06aug21-affinis-02-leg,female,NA,NA,minnesota,NA,2021,2021-08-06T00:00:00Z,tiedemann,Monarda,fistulosa,38,44.312288,-92.596099,2,108,114,186,192,185,193,232,240,300,304,147,150,298,342,165,179,254,292,NA,NA,267,267,185,185,344,356,12,114,TRUE,s
BAFF366,mlb-troutbrook-18aug21-affinis-01-leg,female,NA,NA,minnesota,ramsey,2021,2021-08-18T00:00:00Z,troutbrook,Linaria,vulgaris,9,44.975897,-93.09324,19,106,114,186,186,185,191,229,238,308,308,126,135,344,356,165,179,298,298,NA,NA,267,267,189,189,348,356,12,115,TRUE,s
BAFF374,mlb-dodge-20july21-affinis-01-leg,female,NA,NA,minnesota,dakota,2021,2021-07-20T00:00:00Z,dodge,Monarda,fistulosa,6,44.88302,-93.11732,32,114,116,186,186,191,193,238,240,304,308,150,168,352,352,181,181,256,256,193,195,267,267,173,185,352,356,13,116,TRUE,s
BAFF375,8-18-2021_T1_Donna Bugler Nature Preserve,female,NA,NA,wisconsin,manitowoc,2021,2021-08-18T00:00:00Z,Donna Bugler Nature Preserve,NA,NA,40,44.182041,-87.607655,3,110,114,186,192,193,193,238,240,308,308,126,150,334,334,165,177,258,260,191,207,267,279,185,185,352,352,13,117,FALSE,117
BAFF376,8-18-2021_T2_Donna Bugler Nature Preserve,female,NA,NA,wisconsin,manitowoc,2021,2021-08-18T00:00:00Z,Donna Bugler Nature Preserve,NA,NA,40,44.182041,-87.607655,3,110,110,186,192,193,193,238,240,308,308,126,150,300,300,165,189,258,260,201,207,267,279,185,185,352,352,13,117,FALSE,117
BAFF377,8-18-2021_T3_Donna Bugler Nature Preserve,female,NA,NA,wisconsin,manitowoc,2021,2021-08-18T00:00:00Z,Donna Bugler Nature Preserve,NA,NA,40,44.182041,-87.607655,3,110,114,186,186,193,193,238,240,308,308,126,147,334,334,165,177,258,260,191,207,267,279,185,185,352,352,13,117,FALSE,117
BAFF378,7-28-2021_T1_Keith White Prairie,female,NA,NA,wisconsin,brown,2021,2021-07-28T00:00:00Z,Keith White Prairie,NA,NA,41,44.528064,-87.926496,1,108,114,186,186,191,193,232,242,NA,NA,150,150,306,310,165,167,256,308,207,207,267,267,185,185,340,348,12,118,FALSE,118
BAFF486,jmk-9jul21-01,female,NA,NA,wisconsin,jefferson,2021,2021-07-09T00:00:00Z,Madison Audubon Faville Grove Sanctuary,Veronicastrum,virginicum,52,43.145662,-88.874507,8,108,114,186,186,193,193,242,242,NA,NA,129,150,306,342,165,167,264,264,179,179,267,279,185,185,348,348,12,118,FALSE,118
BAFF379,7-20-2021_T1_Dawson Prairie,female,NA,NA,wisconsin,green lake,2021,2021-07-20T00:00:00Z,Dawson Prairie,NA,NA,42,43.819175,-89.026228,2,110,114,180,186,191,191,242,244,304,308,150,156,330,336,165,187,254,254,191,191,267,267,185,185,360,364,13,119,TRUE,s
BAFF380,7-20-2021_T2_Dawson Prairie,female,NA,NA,wisconsin,green lake,2021,2021-07-20T00:00:00Z,Dawson Prairie,NA,NA,42,43.819175,-89.026228,2,106,114,186,186,193,193,244,244,300,304,141,174,298,348,181,181,252,256,185,211,267,267,185,185,356,356,13,120,TRUE,s
BAFF382,8-10-2021_T2_Roy Sebald Natural Area,female,NA,NA,wisconsin,sheboygan,2021,2021-08-10T00:00:00Z,Roy Sebald Natural Area,NA,NA,44,43.740787,-87.743712,2,110,110,180,180,191,193,238,240,304,308,150,162,300,304,165,173,256,264,179,179,267,279,185,185,352,352,13,121,TRUE,s
BAFF383,8-10-2021_T1_Roy Sebald Natural Area,female,NA,NA,wisconsin,sheboygan,2021,2021-08-10T00:00:00Z,Roy Sebald Natural Area,NA,NA,44,43.740787,-87.743712,2,108,108,186,186,191,191,232,232,308,308,150,150,314,314,177,177,254,254,183,183,267,267,185,185,356,356,13,122,TRUE,s
BAFF386,8-6-2021_T1_Besadny Fish Hatchery,female,NA,NA,wisconsin,kewuanee,2021,2021-08-06T00:00:00Z,Besadny Fish Hatchery,NA,NA,47,44.464503,-87.559344,1,108,116,186,186,193,193,232,244,304,308,138,141,NA,NA,165,169,264,266,185,195,267,267,185,185,348,352,12,123,TRUE,s
BAFF389,ESI-3Aug21-1,female,NA,NA,illinois,ogle,2021,2021-08-03T00:00:00Z,Nachusa Grasslands,Solidago,juncea,20,41.921927,-89.351541,15,114,114,186,186,191,191,238,238,304,304,138,138,334,334,165,165,260,260,195,195,267,267,185,185,360,360,13,124,TRUE,s
BAFF390,ESI-3Aug21-2,female,NA,NA,illinois,ogle,2021,2021-08-03T00:00:00Z,Nachusa Grasslands,Solidago,juncea,20,41.921929,-89.351551,15,104,104,186,186,193,193,240,240,300,300,141,141,334,334,165,165,258,258,195,195,267,267,185,185,360,360,13,125,TRUE,s
BAFF391,ESI-5Aug21-1,female,NA,NA,illinois,lee,2021,2021-08-05T00:00:00Z,Nachusa Grasslands,Liatris,pychnostachya,20,41.887828,-89.368169,15,110,110,180,180,191,191,240,240,304,304,150,150,300,300,173,173,282,282,215,217,267,267,185,185,364,364,13,126,TRUE,s
BAFF392,ESI-9Aug21-1,female,NA,NA,wisconsin,columbia,2021,2021-08-09T00:00:00Z,Becker Lake WPA,Arnoglossum,atriplicifolium,48,43.611919,-89.26576,3,116,116,186,186,193,193,244,244,304,304,138,138,318,318,169,169,258,258,187,187,267,267,189,189,352,352,13,127,TRUE,s
BAFF393,ESI-10Aug21-1,female,NA,NA,wisconsin,marquette,2021,2021-08-10T00:00:00Z,Muir WPA,Eutrochium,maculatum,49,43.696062,-89.399115,4,106,108,186,186,193,193,242,242,304,304,150,150,300,300,165,165,254,254,209,211,267,267,189,189,360,360,13,128,TRUE,s
BAFF394,ESI-10Aug21-2,female,NA,NA,wisconsin,marquette,2021,2021-08-10T00:00:00Z,Muir WPA,Eutrochium,maculatum,49,43.695906,-89.398875,4,108,110,186,186,191,193,236,240,300,304,138,168,342,342,179,181,254,260,195,195,267,279,185,189,360,360,13,129,FALSE,129
BAFF395,ESI-10Aug21-3,female,NA,NA,wisconsin,marquette,2021,2021-08-10T00:00:00Z,Marquette County WPA,Monarda,fistulosa,49,43.696954,-89.389244,4,108,108,186,198,191,193,236,240,300,304,138,168,316,342,179,181,250,260,191,193,267,279,185,189,360,360,13,129,FALSE,129
BAFF396,ESI-10Aug21-4,female,NA,NA,wisconsin,marquette,2021,2021-08-10T00:00:00Z,Marquette County WPA,Monarda,fistulosa,49,43.696192,-89.389836,4,108,108,186,186,191,193,238,240,300,304,135,168,342,342,167,179,250,260,191,193,267,279,185,189,360,360,13,129,FALSE,129
BAFF397,ESI-11Aug21-1,female,NA,NA,wisconsin,columbia,2021,2021-08-11T00:00:00Z,Becker Lake WPA,Silphium,integrifolium,48,43.611513,-89.26436,3,110,110,186,186,191,191,242,242,308,308,150,150,298,298,173,173,292,292,213,215,267,267,185,185,348,348,13,130,TRUE,s
BAFF398,ESI-11Aug21-2,female,NA,NA,wisconsin,columbia,2021,2021-08-11T00:00:00Z,Becker Lake WPA,Arnoglossum,atriplicifolium,48,43.610748,-89.260881,3,116,116,180,180,193,193,232,232,304,304,150,150,NA,NA,171,171,266,266,183,183,279,279,185,185,356,356,12,131,TRUE,s
BAFF402,MNZ21-1,female,NA,NA,minnesota,dakota,2021,2021-08-01T00:00:00Z,Minnesota Zoo - Camel Lot Rain garden,Monarda,fistulosa,14,44.765242,-93.197875,56,108,112,186,192,193,193,232,238,300,304,150,150,300,358,165,181,256,268,197,199,267,267,173,185,352,356,13,132,FALSE,132
BAFF403,MNZ21-2,female,NA,NA,minnesota,dakota,2021,2021-08-01T00:00:00Z,Minnesota Zoo - Camel Lot Rain garden,Monarda,fistulosa,14,44.765242,-93.197875,56,108,112,186,192,193,193,238,244,304,308,150,150,358,358,165,181,250,256,181,181,267,267,173,185,352,356,13,132,FALSE,132
BAFF404,MNZ21-3,female,NA,NA,minnesota,dakota,2021,2021-08-03T00:00:00Z,Minnesota Zoo - Camel Lot Rain garden,Monarda,fistulosa,14,44.765242,-93.197875,56,112,114,180,186,193,193,232,238,304,308,147,180,300,358,165,173,250,250,193,211,267,267,173,185,352,356,13,132,FALSE,132
BAFF406,MNZ21-5,female,NA,NA,minnesota,dakota,2021,2021-08-03T00:00:00Z,Minnesota Zoo - Camel Lot Rain garden,Monarda,fistulosa,14,44.765242,-93.197875,56,108,112,180,180,191,197,238,240,300,308,132,138,300,344,165,181,256,262,191,211,267,267,173,185,356,356,13,133,TRUE,s
BAFF407,MNZ21-6,female,NA,NA,minnesota,dakota,2021,2021-08-03T00:00:00Z,Minnesota Zoo - Camel Lot Rain garden,Monarda,fistulosa,14,44.765242,-93.197875,56,108,114,180,186,191,203,240,244,300,308,141,180,300,324,165,181,268,282,193,211,267,267,173,185,352,356,13,134,TRUE,s
BAFF408,MNZ21-7,female,NA,NA,minnesota,dakota,2021,2021-08-03T00:00:00Z,Minnesota Zoo - Camel Lot Rain garden,Monarda,fistulosa,14,44.765242,-93.197875,56,110,114,180,186,191,193,244,244,308,308,129,147,300,350,165,165,254,298,185,211,267,267,185,185,352,364,13,135,TRUE,s
BAFF409,MNZ21-8,female,NA,NA,minnesota,dakota,2021,2021-08-03T00:00:00Z,Minnesota Zoo - Camel Lot Rain garden,Monarda,fistulosa,14,44.765242,-93.197875,56,110,116,186,186,193,193,232,238,308,308,144,150,300,300,165,181,250,250,197,199,267,267,173,173,352,352,13,136,TRUE,s
BAFF410,MNZ21-9,female,NA,NA,minnesota,dakota,2021,2021-08-03T00:00:00Z,Minnesota Zoo - Camel Lot Rain garden,Monarda,fistulosa,14,44.765242,-93.197875,56,110,112,186,186,191,191,244,244,300,308,129,141,344,356,167,173,250,250,181,195,267,267,185,185,356,356,13,137,TRUE,s
BAFF411,MNZ21-10,female,NA,NA,minnesota,dakota,2021,2021-08-03T00:00:00Z,Minnesota Zoo - SW Corner,Centaurea,stoebe,14,44.76583,-93.202581,56,114,114,186,186,193,193,238,238,308,308,144,144,358,360,165,165,254,254,205,207,279,279,185,185,356,356,13,138,TRUE,s
BAFF412,MNZ21-11,female,NA,NA,minnesota,dakota,2021,2021-08-03T00:00:00Z,Minnesota Zoo - SW Corner,Centaurea,stoebe,14,44.76583,-93.202581,56,114,114,186,186,203,203,236,236,304,304,150,150,NA,NA,165,165,256,256,197,199,267,267,173,173,356,356,12,139,FALSE,139
BAFF414,MNZ21-13,female,NA,NA,minnesota,dakota,2021,2021-08-04T00:00:00Z,Minnesota Zoo - Tiger/Toucan Lot,Centaurea,stoebe,14,44.767515,-93.188499,56,114,114,186,186,193,193,238,238,304,304,150,150,NA,NA,165,165,334,334,205,207,267,267,173,173,356,356,12,139,FALSE,139
BAFF413,MNZ21-12,female,NA,NA,minnesota,dakota,2021,2021-08-04T00:00:00Z,Minnesota Zoo - Tiger/Toucan Lot,Monarda,fistulosa,14,44.767515,-93.188499,56,108,110,186,186,191,197,229,240,304,308,147,150,356,358,175,177,248,250,193,201,267,267,185,185,352,356,13,140,FALSE,140
BAFF415,MNZ21-14,female,NA,NA,minnesota,dakota,2021,2021-08-04T00:00:00Z,Minnesota Zoo - Tiger/Toucan Lot,Monarda,fistulosa,14,44.767515,-93.188499,56,108,110,186,186,191,197,229,240,304,308,147,150,322,356,175,177,248,250,193,203,267,267,173,185,352,356,13,140,FALSE,140
BAFF417,MNZ21-16,female,NA,NA,minnesota,dakota,2021,2021-08-08T00:00:00Z,Minnesota Zoo - Camel Lot Rain garden,Monarda,fistulosa,14,44.765242,-93.197875,56,108,112,186,186,191,193,238,240,304,308,141,156,300,300,165,173,254,256,185,191,267,267,173,185,352,356,13,141,TRUE,s
BAFF426,MNZ21-25,female,NA,NA,minnesota,dakota,2021,2021-08-14T00:00:00Z,Minnesota Zoo - Bison exhibit rain garden,Monarda,fistulosa,14,44.76631,-93.1988067,56,108,110,186,186,191,203,232,244,300,304,129,150,342,342,165,177,256,282,201,201,267,267,173,173,352,356,13,142,TRUE,s
BAFF435,GP-Aug23-08,female,NA,NA,wisconsin,dane,2021,2021-07-21T00:00:00Z,Owen Conservation Area,Solidago,spp.,15,43.070283,-89.484762,20,108,108,186,186,193,193,242,242,304,308,141,150,342,356,165,171,264,268,191,191,267,267,185,185,356,356,13,144,FALSE,144
BAFF492,jmk-23jul21-06,female,NA,NA,wisconsin,jefferson,2021,2021-07-23T00:00:00Z,Madison Audubon Faville Grove Sanctuary,Eryngium,yuccifolium,52,43.145662,-88.874507,8,108,110,186,192,193,193,240,240,304,304,141,150,342,342,165,171,264,268,179,191,267,267,185,185,348,352,13,144,FALSE,144
BAFF436,jmk-13jul21-01,female,NA,NA,wisconsin,walworth,2021,2021-07-13T00:00:00Z,Turtle Valley Wildlife Area (0074F),Desmodium,canadense,50,42.7138752,-88.6275016,45,108,110,186,192,193,193,240,244,304,304,141,144,338,356,165,181,248,266,195,201,267,267,185,185,352,356,13,145,TRUE,s
BAFF440,jmk-29jul21-01,female,NA,NA,wisconsin,walworth,2021,2021-07-29T00:00:00Z,Turtle Valley Wildlife Area (0074F),Monarda,fistulosa,50,42.7138146,-88.6258426,45,104,110,186,186,191,193,240,244,304,304,129,171,298,298,165,189,244,250,195,195,267,267,185,189,356,360,13,147,FALSE,147
BAFF459,jmk-29jul21-20,female,NA,NA,wisconsin,walworth,2021,2021-07-29T00:00:00Z,Turtle Valley Wildlife Area (0074F),Monarda,fistulosa,50,42.7138146,-88.6258426,45,104,110,186,186,191,193,240,244,304,304,126,129,298,298,175,189,244,250,195,195,267,267,185,189,356,360,13,147,FALSE,147
BAFF441,jmk-29jul21-02,female,NA,NA,wisconsin,walworth,2021,2021-07-29T00:00:00Z,Turtle Valley Wildlife Area (0074F),Monarda,fistulosa,50,42.7138146,-88.6258426,45,106,108,180,186,193,193,244,244,304,304,141,150,300,348,169,187,250,264,187,215,267,267,185,185,348,352,13,148,FALSE,148
BAFF443,jmk-29jul21-04,female,NA,NA,wisconsin,walworth,2021,2021-07-29T00:00:00Z,Turtle Valley Wildlife Area (0074F),Monarda,fistulosa,50,42.7138146,-88.6258426,45,106,108,180,186,193,193,230,244,304,304,141,150,300,358,167,187,250,264,185,215,267,267,185,185,344,348,13,148,FALSE,148
BAFF452,jmk-29jul21-13,female,NA,NA,wisconsin,walworth,2021,2021-07-29T00:00:00Z,Turtle Valley Wildlife Area (0074F),Monarda,fistulosa,50,42.7138146,-88.6258426,45,108,110,180,186,193,193,244,244,304,304,138,141,300,358,169,187,264,286,187,215,267,279,185,185,344,348,13,148,FALSE,148
BAFF479,jmk-29jul21-40,female,NA,NA,wisconsin,walworth,2021,2021-07-29T00:00:00Z,Turtle Valley Wildlife Area (0074F),Monarda,fistulosa,50,42.7138146,-88.6258426,45,110,110,180,186,191,193,244,244,304,304,141,150,300,358,169,187,250,264,185,215,267,279,185,185,348,352,13,148,FALSE,148
BAFF442,jmk-29jul21-03,female,NA,NA,wisconsin,walworth,2021,2021-07-29T00:00:00Z,Turtle Valley Wildlife Area (0074F),Monarda,fistulosa,50,42.7138146,-88.6258426,45,114,118,180,186,193,193,238,240,304,308,150,156,306,336,167,181,248,250,189,195,267,279,185,185,352,356,13,149,FALSE,149
BAFF444,jmk-29jul21-05,female,NA,NA,wisconsin,walworth,2021,2021-07-29T00:00:00Z,Turtle Valley Wildlife Area (0074F),Monarda,fistulosa,50,42.7138146,-88.6258426,45,108,114,180,180,193,193,238,240,304,308,150,156,306,356,167,181,248,250,185,199,267,279,185,185,352,356,13,149,FALSE,149
BAFF466,jmk-29jul21-27,female,NA,NA,wisconsin,walworth,2021,2021-07-29T00:00:00Z,Turtle Valley Wildlife Area (0074F),Monarda,fistulosa,50,42.7138146,-88.6258426,45,108,114,180,180,193,193,238,240,304,308,141,156,306,336,167,181,248,250,189,195,267,279,185,185,352,356,13,149,FALSE,149
BAFF482,jmk-19jul21-02,female,NA,NA,wisconsin,dane,2021,2021-07-19T00:00:00Z,Brooklyn Wildlife Area,Trifolium,pratense,51,42.87597,-89.48118,3,108,110,180,186,191,193,232,240,304,308,141,156,300,306,173,181,250,256,191,205,267,279,185,185,352,356,13,149,FALSE,149
BAFF445,jmk-29jul21-06,female,NA,NA,wisconsin,walworth,2021,2021-07-29T00:00:00Z,Turtle Valley Wildlife Area (0074F),Monarda,fistulosa,50,42.7138146,-88.6258426,45,110,116,186,192,193,193,232,244,300,304,138,150,304,342,169,177,248,260,183,185,267,267,185,185,352,356,13,150,FALSE,150
BAFF446,jmk-29jul21-07,female,NA,NA,wisconsin,walworth,2021,2021-07-29T00:00:00Z,Turtle Valley Wildlife Area (0074F),Monarda,fistulosa,50,42.7138146,-88.6258426,45,110,110,180,192,191,191,232,244,300,304,138,150,304,342,169,177,254,260,187,201,267,267,185,185,356,356,13,150,FALSE,150
BAFF454,jmk-29jul21-15,female,NA,NA,wisconsin,walworth,2021,2021-07-29T00:00:00Z,Turtle Valley Wildlife Area (0074F),Monarda,fistulosa,50,42.7138146,-88.6258426,45,110,110,NA,NA,191,191,232,236,300,304,138,150,304,342,177,177,254,260,183,187,267,267,185,185,352,356,12,150,FALSE,150
BAFF455,jmk-29jul21-16,female,NA,NA,wisconsin,walworth,2021,2021-07-29T00:00:00Z,Turtle Valley Wildlife Area (0074F),Monarda,fistulosa,50,42.7138146,-88.6258426,45,110,110,180,192,191,193,232,236,300,304,138,150,300,342,177,177,248,260,187,201,267,267,185,185,352,356,13,150,FALSE,150
BAFF461,jmk-29jul21-22,female,NA,NA,wisconsin,walworth,2021,2021-07-29T00:00:00Z,Turtle Valley Wildlife Area (0074F),Monarda,fistulosa,50,42.7138146,-88.6258426,45,110,110,186,192,191,191,232,244,300,304,138,150,304,342,169,177,254,260,183,185,267,267,185,185,352,356,13,150,FALSE,150
BAFF473,jmk-29jul21-34,female,NA,NA,wisconsin,walworth,2021,2021-07-29T00:00:00Z,Turtle Valley Wildlife Area (0074F),Eryngium,yuccifolium,50,42.7138146,-88.6258426,45,110,110,186,192,191,193,232,244,300,304,138,150,304,342,169,177,248,260,183,183,267,267,185,185,352,356,13,150,FALSE,150
BAFF478,jmk-29jul21-39,female,NA,NA,wisconsin,walworth,2021,2021-07-29T00:00:00Z,Turtle Valley Wildlife Area (0074F),Monarda,fistulosa,50,42.7138146,-88.6258426,45,110,110,180,192,179,193,232,244,300,304,138,150,300,342,169,177,254,260,185,201,267,267,185,185,356,356,13,150,FALSE,150
BAFF447,jmk-29jul21-08,female,NA,NA,wisconsin,walworth,2021,2021-07-29T00:00:00Z,Turtle Valley Wildlife Area (0074F),Monarda,fistulosa,50,42.7138146,-88.6258426,45,106,108,180,186,193,193,242,242,308,308,135,141,306,342,165,165,244,256,183,205,267,267,185,185,344,356,13,151,FALSE,151
BAFF457,jmk-29jul21-18,female,NA,NA,wisconsin,walworth,2021,2021-07-29T00:00:00Z,Turtle Valley Wildlife Area (0074F),Monarda,fistulosa,50,42.7138146,-88.6258426,45,106,108,186,186,193,193,229,242,304,308,135,153,298,306,165,177,244,266,179,199,267,267,185,185,352,360,13,151,FALSE,151
BAFF448,jmk-29jul21-09,female,NA,NA,wisconsin,walworth,2021,2021-07-29T00:00:00Z,Turtle Valley Wildlife Area (0074F),Monarda,fistulosa,50,42.7138146,-88.6258426,45,110,114,186,186,188,193,232,240,304,304,123,138,300,304,165,167,286,288,205,205,279,279,185,185,344,352,13,152,FALSE,152
BAFF465,jmk-29jul21-26,female,NA,NA,wisconsin,walworth,2021,2021-07-29T00:00:00Z,Turtle Valley Wildlife Area (0074F),Monarda,fistulosa,50,42.7138146,-88.6258426,45,110,116,186,186,188,193,236,240,304,304,123,150,304,336,165,177,248,266,201,201,267,279,185,185,352,356,13,152,FALSE,152
BAFF449,jmk-29jul21-10,female,NA,NA,wisconsin,walworth,2021,2021-07-29T00:00:00Z,Turtle Valley Wildlife Area (0074F),Monarda,fistulosa,50,42.7138146,-88.6258426,45,108,112,186,192,191,191,236,257,300,304,138,141,300,356,181,205,264,266,185,185,267,267,185,185,344,356,13,153,TRUE,s
BAFF451,jmk-29jul21-12,female,NA,NA,wisconsin,walworth,2021,2021-07-29T00:00:00Z,Turtle Valley Wildlife Area (0074F),Monarda,fistulosa,50,42.7138146,-88.6258426,45,106,108,186,186,191,193,240,242,308,308,126,129,300,306,165,193,268,292,197,197,267,267,185,189,352,356,13,154,TRUE,s
BAFF453,jmk-29jul21-14,female,NA,NA,wisconsin,walworth,2021,2021-07-29T00:00:00Z,Turtle Valley Wildlife Area (0074F),Monarda,fistulosa,50,42.7138146,-88.6258426,45,106,106,186,186,191,191,238,242,300,304,141,141,340,356,165,177,258,258,181,187,267,267,185,185,352,352,13,155,TRUE,s
BAFF456,jmk-29jul21-17,female,NA,NA,wisconsin,walworth,2021,2021-07-29T00:00:00Z,Turtle Valley Wildlife Area (0074F),Monarda,fistulosa,50,42.7138146,-88.6258426,45,108,110,186,186,193,193,236,240,304,308,126,129,306,344,165,165,244,286,191,199,267,267,173,185,356,356,13,156,TRUE,s
BAFF460,jmk-29jul21-21,female,NA,NA,wisconsin,walworth,2021,2021-07-29T00:00:00Z,Turtle Valley Wildlife Area (0074F),Monarda,fistulosa,50,42.7138146,-88.6258426,45,110,110,186,186,193,193,229,240,304,308,129,156,300,344,173,177,264,310,195,209,267,267,185,185,348,356,13,157,TRUE,s
BAFF462,jmk-29jul21-23,female,NA,NA,wisconsin,walworth,2021,2021-07-29T00:00:00Z,Turtle Valley Wildlife Area (0074F),Monarda,fistulosa,50,42.7138146,-88.6258426,45,112,116,186,192,193,193,232,244,304,304,150,153,350,354,165,171,268,296,183,189,267,267,173,185,356,356,13,158,FALSE,158
BAFF464,jmk-29jul21-25,female,NA,NA,wisconsin,walworth,2021,2021-07-29T00:00:00Z,Turtle Valley Wildlife Area (0074F),Monarda,fistulosa,50,42.7138146,-88.6258426,45,112,114,186,192,193,193,232,242,304,304,126,150,350,354,165,171,268,296,183,187,267,267,173,185,344,356,13,158,FALSE,158
BAFF463,jmk-29jul21-24,female,NA,NA,wisconsin,walworth,2021,2021-07-29T00:00:00Z,Turtle Valley Wildlife Area (0074F),Monarda,fistulosa,50,42.7138146,-88.6258426,45,116,116,180,180,193,193,236,236,304,304,138,138,304,304,177,177,248,248,183,185,267,267,185,185,352,352,13,159,TRUE,s
BAFF467,jmk-29jul21-28,female,NA,NA,wisconsin,walworth,2021,2021-07-29T00:00:00Z,Turtle Valley Wildlife Area (0074F),Monarda,fistulosa,50,42.7138146,-88.6258426,45,108,112,192,192,193,193,240,242,300,304,141,150,306,306,165,187,248,252,185,201,267,267,185,185,340,352,13,160,TRUE,s
BAFF471,jmk-29jul21-32,female,NA,NA,wisconsin,walworth,2021,2021-07-29T00:00:00Z,Turtle Valley Wildlife Area (0074F),Monarda,fistulosa,50,42.7138146,-88.6258426,45,114,114,180,186,191,193,232,236,308,308,141,150,336,344,167,173,266,286,187,195,267,267,185,185,356,356,13,161,FALSE,161
BAFF474,jmk-29jul21-35,female,NA,NA,wisconsin,walworth,2021,2021-07-29T00:00:00Z,Turtle Valley Wildlife Area (0074F),Monarda,fistulosa,50,42.7138146,-88.6258426,45,114,114,186,186,193,193,232,236,300,308,138,141,304,336,173,187,262,266,189,209,267,267,185,185,348,356,13,161,FALSE,161
BAFF475,jmk-29jul21-36,female,NA,NA,wisconsin,walworth,2021,2021-07-29T00:00:00Z,Turtle Valley Wildlife Area (0074F),Monarda,fistulosa,50,42.7138146,-88.6258426,45,110,112,180,186,191,191,240,240,304,304,141,150,342,344,165,189,262,268,191,191,267,267,185,185,356,360,13,162,TRUE,s
BAFF476,jmk-29jul21-37,female,NA,NA,wisconsin,walworth,2021,2021-07-29T00:00:00Z,Turtle Valley Wildlife Area (0074F),Monarda,fistulosa,50,42.7138146,-88.6258426,45,110,114,186,198,193,193,238,238,304,304,129,150,298,300,165,165,262,288,167,213,267,267,185,189,336,356,13,163,TRUE,s
BAFF477,jmk-29jul21-38,female,NA,NA,wisconsin,walworth,2021,2021-07-29T00:00:00Z,Turtle Valley Wildlife Area (0074F),Monarda,fistulosa,50,42.7138146,-88.6258426,45,110,114,186,186,191,191,232,242,304,308,126,147,300,322,167,167,264,264,183,199,267,279,185,185,356,360,13,164,TRUE,s
BAFF483,jmk-19jul21-03,female,NA,NA,wisconsin,dane,2021,2021-07-19T00:00:00Z,Brooklyn Wildlife Area,Cirsium,sp.,51,42.87597,-89.48118,3,108,114,186,186,191,193,232,257,304,308,129,150,300,352,171,189,256,260,191,203,267,267,185,185,356,364,13,166,TRUE,s
BAFF487,jmk-23jul21-01,female,NA,NA,wisconsin,jefferson,2021,2021-07-23T00:00:00Z,Madison Audubon Faville Grove Sanctuary,Veronicastrum,virginicum,52,43.145662,-88.874507,8,114,114,186,186,193,193,240,240,304,308,141,150,310,336,171,181,248,252,167,167,267,267,185,185,352,360,13,167,TRUE,s
BAFF489,jmk-23jul21-03,female,NA,NA,wisconsin,jefferson,2021,2021-07-23T00:00:00Z,Madison Audubon Faville Grove Sanctuary,Eryngium,yuccifolium,52,43.145662,-88.874507,8,106,114,180,186,191,193,242,244,304,304,129,129,300,322,165,177,250,256,187,189,267,267,185,189,340,356,13,168,TRUE,s
BAFF493,jmk-23jul21-07,female,NA,NA,wisconsin,jefferson,2021,2021-07-23T00:00:00Z,Madison Audubon Faville Grove Sanctuary,Veronicastrum,virginicum,52,43.145662,-88.874507,8,108,114,180,186,193,193,232,244,304,304,150,150,336,356,167,179,260,268,201,209,267,267,185,185,356,356,13,169,TRUE,s
BAFF494,jmk-14jul21-01,female,NA,NA,wisconsin,dane,2021,2021-07-14T00:00:00Z,Capitol Springs State Recreation Area,Monarda,fistulosa,16,43.0154864,-89.3991905,11,110,114,180,180,193,197,240,242,304,308,138,150,300,304,175,187,248,256,167,201,267,279,185,185,352,352,13,170,TRUE,s
BAFF495,jmk-27jul21-01,female,NA,NA,wisconsin,dane,2021,2021-07-27T00:00:00Z,Capitol Springs State Recreation Area,Monarda,fistulosa,16,43.0154864,-89.3991905,11,106,114,186,186,193,193,240,244,300,308,141,141,334,344,181,187,260,282,179,179,267,279,185,185,356,360,13,171,TRUE,s
BAFF496,jmk-27jul21-02,female,NA,NA,wisconsin,dane,2021,2021-07-27T00:00:00Z,Capitol Springs State Recreation Area,Monarda,fistulosa,16,43.0154864,-89.3991905,11,106,114,186,186,193,193,240,240,308,308,141,141,300,334,177,179,258,282,179,179,267,267,185,185,352,360,13,172,FALSE,172
BAFF502,jmk-27jul21-08,female,NA,NA,wisconsin,dane,2021,2021-07-27T00:00:00Z,Capitol Springs State Recreation Area,Eryngium,yuccifolium,16,43.0154864,-89.3991905,11,106,114,186,186,191,193,240,240,300,308,141,141,300,334,177,179,260,282,179,189,267,267,185,185,352,360,13,172,FALSE,172
BAFF497,jmk-27jul21-03,female,NA,NA,wisconsin,dane,2021,2021-07-27T00:00:00Z,Capitol Springs State Recreation Area,Eryngium,yuccifolium,16,43.0154864,-89.3991905,11,104,106,186,186,191,193,244,244,304,304,126,126,306,306,165,187,250,282,183,195,267,267,185,185,356,360,13,173,TRUE,s
BAFF498,jmk-27jul21-04,female,NA,NA,wisconsin,dane,2021,2021-07-27T00:00:00Z,Capitol Springs State Recreation Area,Eryngium,yuccifolium,16,43.0154864,-89.3991905,11,110,110,180,186,191,193,232,240,304,304,150,153,298,318,171,183,254,270,167,181,267,267,185,185,356,360,13,174,TRUE,s
BAFF499,jmk-27jul21-05,female,NA,NA,wisconsin,dane,2021,2021-07-27T00:00:00Z,Capitol Springs State Recreation Area,Eryngium,yuccifolium,16,43.0154864,-89.3991905,11,108,112,186,186,191,193,240,244,300,304,123,126,342,342,165,165,250,250,181,201,267,267,185,185,352,356,13,175,TRUE,s
BAFF500,jmk-27jul21-06,female,NA,NA,wisconsin,dane,2021,2021-07-27T00:00:00Z,Capitol Springs State Recreation Area,Eryngium,yuccifolium,16,43.0154864,-89.3991905,11,116,118,186,192,193,193,232,240,304,304,141,150,300,354,165,187,250,308,181,213,267,279,185,185,352,356,13,176,TRUE,s
BAFF503,jmk-27jul21-09,female,NA,NA,wisconsin,dane,2021,2021-07-27T00:00:00Z,Capitol Springs State Recreation Area,Eryngium,yuccifolium,16,43.0154864,-89.3991905,11,108,108,186,186,193,193,244,244,308,308,174,174,340,340,169,169,256,256,167,167,267,267,185,185,352,352,13,177,TRUE,s
BAFF506,jmk-12jul21-03,female,NA,NA,wisconsin,jefferson,2021,2021-07-12T00:00:00Z,007C6,Eryngium,yuccifolium,13,42.96,-88.76,2,108,108,192,192,191,191,240,240,308,308,150,150,356,356,171,171,252,252,189,189,279,279,185,185,360,360,13,178,TRUE,s
BAFF507,jmk-16jul21-01,female,NA,NA,wisconsin,dane,2021,2021-07-16T00:00:00Z,00MBG,Monarda,fistulosa,17,43.21,-89.46,8,106,110,186,198,193,193,236,244,300,304,147,147,338,344,167,187,248,286,195,213,267,267,185,185,352,360,13,179,TRUE,s
BAFF508,jmk-16jul21-02,female,NA,NA,wisconsin,dane,2021,2021-07-16T00:00:00Z,00MBG,Monarda,fistulosa,17,43.21,-89.46,8,114,114,180,186,191,193,238,240,308,308,123,153,298,346,167,167,264,306,211,211,267,267,185,185,352,356,13,180,TRUE,s
BAFF509,jmk-20jul21-01,female,NA,NA,wisconsin,sauk,2021,2021-07-20T00:00:00Z,Foxglove Savanna,Daucus,carrota,53,43.204494,-89.914376,13,106,108,186,192,191,191,236,246,300,300,138,150,326,352,165,175,266,282,191,197,267,279,185,189,352,364,13,181,TRUE,s
BAFF510,jmk-20jul21-02,female,NA,NA,wisconsin,sauk,2021,2021-07-20T00:00:00Z,Foxglove Savanna,Daucus,carrota,53,43.204494,-89.914376,13,110,110,186,186,188,193,244,244,304,304,141,147,328,330,181,181,256,256,191,199,267,279,185,185,356,364,13,182,TRUE,s
BAFF511,jmk-20jul21-03,female,NA,NA,wisconsin,sauk,2021,2021-07-20T00:00:00Z,Foxglove Savanna,Daucus,carrota,53,43.204494,-89.914376,13,106,110,186,186,193,193,232,238,308,308,141,150,330,330,177,187,262,264,191,201,267,267,185,185,348,352,13,183,FALSE,183
BAFF516,jmk-20jul21-08,female,NA,NA,wisconsin,sauk,2021,2021-07-20T00:00:00Z,Foxglove Savanna,Daucus,carrota,53,43.204494,-89.914376,13,106,106,186,186,193,193,232,238,308,308,141,150,330,330,177,187,262,292,191,201,267,267,185,185,348,352,13,183,FALSE,183
BAFF517,jmk-20jul21-09,female,NA,NA,wisconsin,sauk,2021,2021-07-20T00:00:00Z,Foxglove Savanna,Daucus,carrota,53,43.204494,-89.914376,13,106,106,186,186,193,193,238,238,308,308,141,150,328,328,173,177,262,292,191,201,267,267,185,185,348,352,13,183,FALSE,183
BAFF521,jmk-20jul21-13,female,NA,NA,wisconsin,sauk,2021,2021-07-20T00:00:00Z,Foxglove Savanna,Daucus,carrota,53,43.204494,-89.914376,13,106,110,186,186,193,193,232,238,308,308,141,150,328,328,177,187,262,292,185,191,267,267,185,185,352,360,13,183,FALSE,183
BAFF512,jmk-20jul21-04,female,NA,NA,wisconsin,sauk,2021,2021-07-20T00:00:00Z,Foxglove Savanna,Daucus,carrota,53,43.204494,-89.914376,13,106,106,186,186,193,197,229,242,304,308,141,150,318,318,165,167,256,286,179,213,267,279,173,185,352,352,13,184,FALSE,184
BAFF513,jmk-20jul21-05,female,NA,NA,wisconsin,sauk,2021,2021-07-20T00:00:00Z,Foxglove Savanna,Daucus,carrota,53,43.204494,-89.914376,13,106,114,186,186,191,193,236,240,304,308,141,150,318,348,165,169,256,266,185,193,267,279,185,185,352,360,13,184,FALSE,184
BAFF515,jmk-20jul21-07,female,NA,NA,wisconsin,sauk,2021,2021-07-20T00:00:00Z,Foxglove Savanna,Daucus,carrota,53,43.204494,-89.914376,13,106,110,186,186,197,197,240,240,304,308,141,150,300,326,175,181,256,286,195,197,267,267,185,185,352,352,13,185,TRUE,s
BAFF518,jmk-20jul21-10,female,NA,NA,wisconsin,sauk,2021,2021-07-20T00:00:00Z,Foxglove Savanna,Daucus,carrota,53,43.204494,-89.914376,13,112,114,186,186,191,193,242,244,304,308,129,162,300,356,165,173,254,256,181,199,267,282,185,185,352,356,13,186,TRUE,s
BAFF523,jmk-20jul21-15,female,NA,NA,wisconsin,sauk,2021,2021-07-20T00:00:00Z,Pleasure Valley Conservancy,Monarda,fistulosa,54,43.04781,-89.816028,2,104,116,180,186,191,193,232,236,304,308,115,141,318,330,165,165,252,262,187,189,267,267,185,185,340,352,13,187,TRUE,s
BAFF018,264_Composite_Mola,female,no,NA,iowa,winneshiek,2020,2020-08-07T00:00:00Z,Seed Saver,NA,NA,5,43.38259,-91.8012,14,106,108,186,186,197,197,240,240,304,304,150,150,300,342,173,181,264,288,189,191,267,267,185,185,356,356,13,1011,TRUE,s
BAFF405,MNZ21-4,female,NA,NA,minnesota,dakota,2021,2021-08-03T00:00:00Z,Minnesota Zoo - Camel Lot Rain garden,Monarda,fistulosa,14,44.765242,-93.197875,56,106,106,186,186,197,197,232,232,308,308,150,150,NA,NA,181,181,254,254,195,195,267,267,185,185,356,356,12,1012,TRUE,s
BAFF008,8-11-2020_Partington,female,no,NA,minnesota,hennepin,2020,2020-08-11T00:00:00Z,MSP Airport on Tarmac - found dead,NA,NA,7,44.52537,-93.13531,1,114,114,186,186,191,191,240,244,304,308,150,150,300,304,165,165,256,256,175,183,267,267,173,185,344,352,13,1016,TRUE,s
BAFF450,jmk-29jul21-11,female,NA,NA,wisconsin,walworth,2021,2021-07-29T00:00:00Z,Turtle Valley Wildlife Area (0074F),Monarda,fistulosa,50,42.7138146,-88.6258426,45,114,114,186,186,193,193,240,244,304,308,150,177,338,346,165,165,260,306,191,199,267,267,173,185,348,352,13,1017,TRUE,s
BAFF007,8-31-2020_Brutlay,female,no,NA,minnesota,hennepin,2020,2020-08-31T00:00:00Z,Minneapolis - 39th Ave South,NA,NA,8,44.942342,-93.216943,28,110,114,186,186,193,193,240,244,304,304,129,150,300,330,165,167,254,262,199,215,267,267,185,185,352,356,13,1018,TRUE,s
BAFF199,129,female,NA,NA,illinois,ogle,2021,2021-07-26T00:00:00Z,Nachusa Grasslands,Monarda,fistulosa,20,41.90566001,-89.33936102,15,106,108,186,186,193,193,240,244,300,304,129,141,306,342,165,167,254,262,187,189,267,267,185,185,352,356,13,1019,TRUE,s
BAFF013,9-20-2020_HWY5_WaconiaMN,female,no,NA,minnesota,carver,2020,2020-09-20T00:00:00Z,Carver Park Reserve - Found Dead,NA,NA,10,44.8632,-93.7029,1,104,106,186,186,191,191,236,240,304,304,138,150,300,356,165,197,246,256,177,191,267,267,185,185,344,352,13,1021,TRUE,s
BAFF177,106,female,NA,NA,illinois,rock,2021,2021-07-24T00:00:00Z,Chief Illiniwek Forest Preserve,Monarda,fistulosa,19,41.56243902,-90.40187303,17,106,114,186,192,191,191,236,240,300,304,138,141,300,352,165,167,248,258,191,195,267,267,185,185,344,356,13,1022,TRUE,s
BAFF069,MNZ_021,female,no,NA,minnesota,dakota,2020,2020-08-05T00:00:00Z,Minnesota Zoo,NA,NA,14,44.765128,-93.197994,56,114,114,186,186,193,193,240,244,300,304,150,182,344,356,165,181,250,268,203,203,267,267,173,185,352,356,13,1051,TRUE,s
BAFF165,T5_8-9-2020,female,no,NA,minnesota,ramsey,2020,2020-08-09T00:00:00Z,Cherokee Heights,NA,NA,6,44.92272,-93.11,32,110,112,186,186,185,193,232,240,300,308,129,138,322,344,173,173,280,292,183,199,267,267,185,185,352,356,13,1078,TRUE,s
BAFF194,124,female,NA,NA,illinois,lee,2021,2021-07-25T00:00:00Z,Nachusa Grasslands,Pycnanthemum,sp.,20,41.89221603,-89.37742903,15,108,114,186,186,193,193,240,244,304,304,141,141,300,328,167,189,262,266,197,199,267,267,185,185,356,360,13,1111,TRUE,s
BAFF200,130,female,NA,NA,illinois,ogle,2021,2021-07-26T00:00:00Z,Nachusa Grasslands,Monarda,fistulosa,20,41.90534402,-89.339385,15,114,114,186,192,191,193,232,240,304,308,141,168,300,300,171,181,264,268,NA,NA,267,267,189,189,352,356,12,1114,TRUE,s
BAFF458,jmk-29jul21-19,female,NA,NA,wisconsin,walworth,2021,2021-07-29T00:00:00Z,Turtle Valley Wildlife Area (0074F),Monarda,fistulosa,50,42.7138146,-88.6258426,45,108,114,186,192,191,193,232,244,304,304,141,141,300,348,171,173,264,282,189,209,267,267,185,185,352,356,13,1115,TRUE,s
BAFF520,jmk-20jul21-12,female,NA,NA,wisconsin,sauk,2021,2021-07-20T00:00:00Z,Foxglove Savanna,Daucus,carrota,53,43.204494,-89.914376,13,104,108,186,192,193,193,232,240,304,304,141,147,NA,NA,171,173,254,268,181,189,267,267,185,185,352,356,12,1116,TRUE,s
BAFF216,146,female,NA,NA,illinois,mchenry,2021,2021-07-30T00:00:00Z,Flint Creek Nature Preserve,Silphium,laciniatum,25,42.19245002,-88.17053899,6,108,110,192,192,193,193,232,244,304,308,141,141,300,326,165,167,248,250,197,197,267,279,185,185,360,360,13,1128,TRUE,s
BAFF429,GP-21Jul21-02,female,NA,NA,wisconsin,dane,2021,2021-07-21T00:00:00Z,Owen Conservation Area,Blephilia,hirsuta,15,43.071524,-89.483223,20,108,108,180,192,191,191,244,244,308,308,141,141,326,326,165,165,248,258,195,209,267,279,185,185,356,360,13,1259,TRUE,s
BAFF430,GP-21Jul21-03,female,NA,NA,wisconsin,dane,2021,2021-07-21T00:00:00Z,Owen Conservation Area,Blephilia,hirsuta,15,43.071513,-89.483303,20,108,108,180,192,191,191,244,244,308,308,141,141,326,326,165,165,248,258,195,209,267,279,185,185,356,360,13,1260,TRUE,s
BAFF437,jmk-13jul21-02,female,NA,NA,wisconsin,walworth,2021,2021-07-13T00:00:00Z,Turtle Valley Wildlife Area (0074F),Eryngium,yuccifolium,50,42.7195896,-88.61523962,45,106,108,186,186,191,193,236,240,308,308,129,150,322,322,173,179,266,292,183,197,267,267,185,185,356,356,13,1264,TRUE,s
BAFF481,jmk-19jul21-01,female,NA,NA,wisconsin,dane,2021,2021-07-19T00:00:00Z,Brooklyn Wildlife Area,Trifolium,pratense,51,42.87597,-89.48118,3,108,114,186,186,193,193,232,240,304,308,129,141,300,326,165,165,254,254,191,213,267,267,185,185,352,352,13,1300,TRUE,s
