longname,shortname,specimen_type,sex,from_nest,which_nest,latitude,longitude,reg_site,region_shortname,group_count,site_longname,site_shortname,county,state,date,year,loci_w_data,b124_1,b124_2,btern01_1,btern01_2,bt28_1,bt28_2,bt10_1,bt10_2,b96_1,b96_2,bt30_1,bt30_2,btms0081_1,btms0081_2,btms0066_1,btms0066_2,btms0083_1,btms0083_2,b126_1,b126_2,btms0062_1,btms0062_2,btern02_1,btern02_2,btms0086_1,btms0086_2,bl13_1,bl13_2,btms0059_1,btms0059_2
20200725B_MJH_1,wstv01f,leg,f,no,NA,38.2155,-80.08016,west virginia,wstv,01,USFS Marlinton Ranger Station Pollinator Garden,UMRSPG,Pocahontas,WV,2020-07-25T00:00:00Z,2020,15,252,256,106,118,186,192,152,174,191,194,232,240,304,304,152,179,314,350,175,179,252,260,195,225,267,267,173,187,356,360
20200819A_MJH_2,wstv02f,leg,f,no,NA,37.96708,-80.1289,west virginia,wstv,02,USFS Monongahela Nat'l Forest - Neola,UMNF-N,Greenbrier,WV,2020-08-19T00:00:00Z,2020,15,256,256,106,108,186,192,174,190,191,194,230,232,300,304,152,179,350,354,167,167,252,252,195,197,267,267,173,187,352,364
256_MonFis_Mola,iwst01f,leg,f,no,NA,41.81386,-91.6965,iowa south,iwst,01,Hawk Eye - Iowa City,HE-IC,Johnson,IA,2020-08-04T00:00:00Z,2020,15,240,254,106,112,186,186,158,170,191,194,236,236,304,308,143,152,300,300,175,183,262,268,191,195,267,267,187,187,352,360
257_MonFis_Mola,iwst02f,leg,f,no,NA,41.8143,-91.6966,iowa south,iwst,02,Hawk Eye - Iowa City,HE-IC,Johnson,IA,2020-08-05T00:00:00Z,2020,15,248,252,114,114,186,186,162,162,191,191,242,244,300,304,131,152,336,336,165,171,256,276,179,213,267,279,187,187,352,352
258_MonFis_Mola,iwst03f,leg,f,no,NA,41.81442,-91.6966,iowa south,iwst,03,Hawk Eye - Iowa City,HE-IC,Johnson,IA,2020-08-05T00:00:00Z,2020,15,244,254,106,108,186,192,152,164,191,194,244,244,304,304,131,131,300,300,167,179,254,268,177,195,267,267,187,187,356,360
260_MonFis_Mola,iwst04f,leg,f,no,NA,41.81453,-91.6968,iowa south,iwst,04,Hawk Eye - Iowa City,HE-IC,Johnson,IA,2020-08-05T00:00:00Z,2020,15,244,246,108,108,186,192,152,164,191,194,244,244,300,304,131,131,300,300,175,179,254,266,177,199,267,267,187,187,356,356
263_MonFis_Mola,iwes01f,leg,f,no,NA,42.15161,-90.5692,iowa east,iwes,01,East of Andrew,EsoA,Johnson,IA,2020-08-06T00:00:00Z,2020,15,248,254,108,108,180,186,164,166,191,194,240,244,304,308,143,152,300,342,169,181,248,250,193,193,267,267,173,187,356,364
264_Composite_Mola,iwnr01f,leg,f,no,NA,43.38259,-91.8012,iowa north,iwnr,01,Seed Saver,SdSv,Winneshiek,IA,2020-08-07T00:00:00Z,2020,15,240,248,106,108,186,186,192,204,197,197,240,240,304,304,152,152,300,342,173,181,264,286,189,191,267,267,187,187,356,356
265_JoePye_Mola,iwnr02f,leg,f,no,NA,43.38366,-91.7997,iowa north,iwnr,02,Seed Saver,SdSv,Winneshiek,IA,2020-08-07T00:00:00Z,2020,15,252,252,112,112,186,186,190,190,194,194,242,242,304,304,143,143,338,338,187,187,260,260,193,193,267,267,187,187,336,336
266_JewelNeed_Mola,iwnr03f,leg,f,no,NA,43.36403,-91.8485,iowa north,iwnr,03,Hutchinson Farm GG,HFGG,Winneshiek,IA,2020-08-07T00:00:00Z,2020,15,248,248,106,106,186,186,200,202,191,191,244,244,308,308,149,149,344,344,181,181,262,262,181,181,267,267,189,189,360,360
7-22-2020-Dead,mnnm01f,body,f,no,NA,44.9184,-93.1224,minneapolis metro,mnnm,01,Pickerell Lake - found dead,PL-fd,Ramsey,MN,2020-07-22T00:00:00Z,2020,15,244,244,106,106,186,186,162,162,191,191,240,240,304,304,131,131,350,350,185,185,264,264,185,185,282,282,187,187,356,356
8-11-2020_Partington,mnnm02f,body,f,no,NA,44.52537,-93.13531,minneapolis metro,mnnm,02,MSP Airport on Tarmac - found dead,MAoT-fd,Hennepin,MN,2020-08-11T00:00:00Z,2020,15,248,248,114,114,186,186,152,170,191,191,240,244,304,308,152,152,300,306,165,165,256,256,175,183,267,267,173,187,344,352
8-31-2020_Brutlay,mnnm03f,body,f,no,NA,44.942342,-93.216943,minneapolis metro,mnnm,03,Minneapolis - 39th Ave South,M-3AS,Hennepin,MN,2020-08-31T00:00:00Z,2020,15,244,254,110,114,186,186,148,180,194,194,240,244,304,304,131,152,300,330,165,167,254,262,199,215,267,267,187,187,352,356
8-8-2020_Maple,mnnm04f,body,f,no,NA,44.994131,-93.06919,minneapolis metro,mnnm,04,Ramsey MN,RmMN,Ramsey,MN,2020-08-08T00:00:00Z,2020,8,NA,NA,NA,NA,NA,NA,NA,NA,NA,NA,NA,NA,NA,NA,176,176,298,298,167,167,252,252,195,195,267,267,187,187,356,356
9-20-2020_HWY5_WaconiaMN,mnnm05f,body,f,no,NA,44.8632,-93.7029,minneapolis metro,mnnm,05,Carver Park Reserve - Found Dead,CPR-FD,Carver,MN,2020-09-20T00:00:00Z,2020,15,250,254,104,106,186,186,160,180,191,191,236,240,304,304,140,152,300,356,165,197,246,256,177,191,267,267,187,187,344,352
Bee_1_MLB,mnnm06f,leg,f,no,NA,44.9457,-93.2161,minneapolis metro,mnnm,06,Minneapolis - Mt. Fistulosa,M-MF,Hennepin,MN,2020-08-04T00:00:00Z,2020,15,248,252,108,108,186,186,182,186,191,194,236,244,308,308,152,158,322,324,165,181,254,298,185,199,267,267,173,189,364,364
Bee_2_MLB,mnnm07f,leg,f,no,NA,44.9457,-93.2161,minneapolis metro,mnnm,07,Minneapolis - Mt. Fistulosa,M-MF,Hennepin,MN,2020-08-04T00:00:00Z,2020,15,248,252,108,108,186,186,172,182,191,197,232,236,304,308,152,158,322,324,181,181,254,298,185,199,267,267,187,189,356,364
Bee_3_MLB,mnnm08f,leg,f,no,NA,44.9457,-93.2161,minneapolis metro,mnnm,08,Minneapolis - Mt. Fistulosa,M-MF,Hennepin,MN,2020-08-04T00:00:00Z,2020,15,248,252,108,108,186,186,172,182,191,194,232,236,308,308,152,158,322,324,181,181,254,298,185,199,267,267,187,189,364,364
Bee_4_MLB,mnnm09f,leg,f,no,NA,44.9457,-93.2161,minneapolis metro,mnnm,09,Minneapolis - Mt. Fistulosa,M-MF,Hennepin,MN,2020-08-04T00:00:00Z,2020,15,248,252,108,108,186,186,184,186,191,197,232,236,308,308,152,158,322,324,181,181,254,298,185,199,267,267,187,189,364,364
Bee_5_MLB,mnnm10f,leg,f,no,NA,44.9457,-93.9457,minneapolis metro,mnnm,10,Minneapolis - Mt. Fistulosa,M-MF,Hennepin,MN,2020-08-04T00:00:00Z,2020,15,248,252,108,108,186,186,172,182,191,197,236,244,304,308,152,158,322,324,165,181,254,298,185,195,267,267,173,189,364,364
Bee1_8-6-2020,mnnm11f,leg,f,no,NA,44.9457,-93.2161,minneapolis metro,mnnm,11,Across the stree from MN nest,AtsfMn,Hennepin,MN,2020-08-06T00:00:00Z,2020,15,248,252,108,108,186,186,184,186,191,194,236,244,308,308,152,158,324,330,165,181,254,298,185,199,267,267,187,189,356,364
Bee2_8-6-2020,mnnm12f,leg,f,no,NA,44.9457,-93.2161,minneapolis metro,mnnm,12,Across the stree from MN nest,AtsfMn,Hennepin,MN,2020-08-06T00:00:00Z,2020,15,248,252,108,108,186,186,182,186,191,197,236,244,308,308,152,158,322,324,165,181,254,298,185,199,267,267,187,189,364,364
Bee3_8-6-2020,mnnm13f,leg,f,no,NA,44.9457,-93.2161,minneapolis metro,mnnm,13,Across the stree from MN nest,AtsfMn,Hennepin,MN,2020-08-06T00:00:00Z,2020,15,244,248,108,110,186,186,172,182,191,194,232,236,308,308,152,158,322,324,181,181,254,298,185,199,267,267,173,189,364,364
Bee4_8-6-2020,mnnm14f,leg,f,no,NA,44.9457,-93.2161,minneapolis metro,mnnm,14,Across the stree from MN nest,AtsfMn,Hennepin,MN,2020-08-06T00:00:00Z,2020,15,248,252,108,110,186,186,172,182,191,197,236,244,304,308,152,158,322,324,165,181,254,298,185,199,267,267,187,189,356,364
EL_001_Galer,mnnm15f,body,f,no,NA,45.2987,-93.6203,minneapolis metro,mnnm,15,18069 Rawlings St - Elkriver City,1RS-EC,Sherburne,MN,2019-08-04T00:00:00Z,2019,15,252,254,108,114,186,186,164,166,191,194,229,236,300,304,131,152,322,338,165,175,252,256,191,203,267,267,187,187,356,356
EL_002_Galer,mnnm16f,body,f,no,NA,44.55972,-92.5308,minneapolis metro,mnnm,16,Eden Prarie,EdnP,Hennepin,MN,2019-07-21T00:00:00Z,2019,15,244,248,110,112,180,192,162,190,191,194,232,242,308,308,134,152,298,334,165,187,258,298,189,201,267,267,187,187,348,356
EL_003_RedwingMN,mnnm17f,body,f,yes,Redwing,44.55972,-92.5308,minneapolis metro,mnnm,17,Redwing,Rdwn,Goodhue,MN,2020-07-04T00:00:00Z,2020,15,250,254,108,110,186,192,162,190,185,194,240,240,300,304,140,152,298,342,179,183,256,256,191,203,267,267,187,187,356,356
EL_004_RedwingMN,mnnm18f,body,f,yes,Redwing,44.55972,-92.5308,minneapolis metro,mnnm,18,Redwing,Rdwn,Goodhue,MN,2020-07-04T00:00:00Z,2020,15,248,254,110,110,186,192,162,190,194,194,240,240,300,304,149,152,298,342,179,183,256,292,189,191,267,267,187,187,344,356
EL_005_RedwingMN,mnnm19f,body,f,yes,Redwing,44.55972,-92.5308,minneapolis metro,mnnm,19,Redwing,Rdwn,Goodhue,MN,2020-07-04T00:00:00Z,2020,15,248,254,108,110,186,186,162,192,194,194,240,240,300,304,140,152,298,342,183,183,256,292,189,191,267,267,187,187,344,356
EL_006_RedwingMN,mnnm20f,body,f,yes,Redwing,44.55972,-92.5308,minneapolis metro,mnnm,20,Redwing,Rdwn,Goodhue,MN,2020-07-04T00:00:00Z,2020,15,250,254,110,110,186,186,162,192,194,194,240,240,300,304,149,152,298,342,179,183,256,292,189,191,267,267,187,187,344,356
EL_007_RedwingMN,mnnm21f,body,f,yes,Redwing,44.55972,-92.5308,minneapolis metro,mnnm,21,Redwing,Rdwn,Goodhue,MN,2020-07-04T00:00:00Z,2020,14,240,252,106,112,186,186,158,190,194,194,236,242,304,308,143,152,298,300,NA,NA,260,262,191,191,267,267,187,187,336,352
EL_008_RedwingMN,mnnm22f,body,f,yes,Redwing,44.55972,-92.5308,minneapolis metro,mnnm,22,Redwing,Rdwn,Goodhue,MN,2020-07-04T00:00:00Z,2020,15,248,254,108,110,186,186,162,192,194,194,240,240,300,304,140,152,342,342,183,183,256,256,189,191,267,267,187,187,356,356
EL_009_RedwingMN,mnnm23f,body,f,yes,Redwing,44.55972,-92.5308,minneapolis metro,mnnm,23,Redwing,Rdwn,Goodhue,MN,2020-07-04T00:00:00Z,2020,15,250,254,110,110,186,192,162,190,194,194,240,240,300,304,140,152,298,342,183,183,256,256,189,191,267,267,187,187,344,356
EL_010_RedwingMN,mnnm24f,body,f,yes,Redwing,44.55972,-92.5308,minneapolis metro,mnnm,24,Redwing,Rdwn,Goodhue,MN,2020-07-04T00:00:00Z,2020,15,250,254,108,110,186,192,162,190,194,194,240,240,300,304,149,152,298,342,183,183,256,292,191,203,267,267,187,187,356,356
EL_011_RedwingMN,mnnm25f,body,f,yes,Redwing,44.55972,-92.5308,minneapolis metro,mnnm,25,Redwing,Rdwn,Goodhue,MN,2020-07-04T00:00:00Z,2020,15,250,254,110,110,186,192,162,190,194,194,240,240,300,304,149,152,298,342,183,183,256,256,191,203,267,267,187,187,344,356
EL_012_RedwingMN,mnnm26f,body,f,yes,Redwing,44.55972,-92.5308,minneapolis metro,mnnm,26,Redwing,Rdwn,Goodhue,MN,2020-07-04T00:00:00Z,2020,15,248,254,110,110,186,192,162,190,194,194,240,240,300,304,140,152,298,342,183,183,256,292,189,191,267,267,187,187,356,356
G007_Elaine,mnnm27f,body,f,yes,Minneapolis Nest,44.945714,-93.216199,minneapolis metro,mnnm,27,Minneapolis Nest,MnnN,Hennepin,MN,2020-08-04T00:00:00Z,2020,15,244,248,108,110,186,186,172,182,191,197,236,244,304,308,152,158,324,330,165,181,254,298,185,199,267,267,187,189,356,364
G008_Elaine,mnnm28f,body,f,yes,Minneapolis Nest,44.945714,-93.216199,minneapolis metro,mnnm,28,Minneapolis Nest,MnnN,Hennepin,MN,2020-08-04T00:00:00Z,2020,15,248,252,108,110,186,186,182,186,191,194,236,244,304,308,152,158,324,330,165,181,254,298,185,195,267,267,187,189,356,364
G009_Elaine,mnnm29f,body,f,yes,Minneapolis Nest,44.945714,-93.216199,minneapolis metro,mnnm,29,Minneapolis Nest,MnnN,Hennepin,MN,2020-08-04T00:00:00Z,2020,15,248,252,108,110,186,186,172,182,191,191,232,236,304,308,152,158,322,324,165,181,254,298,185,195,267,267,187,189,364,364
G1_Elaine,mnnm30f,body,f,yes,Redwing,44.55972,-92.53078,minneapolis metro,mnnm,30,Redwing,Rdwn,Goodhue,MN,2020-08-04T00:00:00Z,2020,15,250,254,110,110,186,186,162,192,191,194,240,240,300,304,140,152,298,342,183,183,256,256,189,191,267,267,187,187,356,356
G2_Elaine,mnnm31f,body,f,yes,Redwing,44.55972,-92.53078,minneapolis metro,mnnm,31,Redwing,Rdwn,Goodhue,MN,2020-08-04T00:00:00Z,2020,15,250,254,108,110,186,192,162,192,185,194,240,240,300,304,149,152,342,342,179,183,256,256,191,203,267,267,187,187,356,356
G3_Elaine,mnnm32f,body,f,yes,Redwing,44.55972,-92.53078,minneapolis metro,mnnm,32,Redwing,Rdwn,Goodhue,MN,2020-08-04T00:00:00Z,2020,15,248,254,110,110,186,192,162,192,185,194,240,240,300,304,149,152,298,342,183,183,256,292,191,203,267,267,187,187,356,356
JMK_7-27-20,wsce01f,leg,f,no,NA,43,-88.8,wisconsin east,wsce,01,Natural Resources Conservation Service Wetland Reserve Easement--private property,NRCSWREp,Jefferson,WI,2020-07-27T00:00:00Z,2020,14,240,244,114,116,186,192,148,148,194,194,NA,NA,304,304,167,167,300,300,181,197,256,256,185,201,279,279,187,187,344,352
MNZ_001,mnnm33f,leg,f,no,NA,44.764888,-93.201289,minneapolis metro,mnnm,33,Minnesota Zoo,MnnZ,Dakota,MN,2020-07-22T00:00:00Z,2020,14,246,248,108,112,186,186,148,164,194,203,NA,NA,304,308,143,197,332,358,165,171,256,282,185,203,267,267,187,187,352,364
MNZ_002,mnnm34f,leg,f,no,NA,44.764888,-93.201289,minneapolis metro,mnnm,34,Minnesota Zoo,MnnZ,Dakota,MN,2020-07-23T00:00:00Z,2020,15,248,248,108,112,186,186,148,164,194,203,229,240,304,304,143,197,332,358,165,165,256,282,203,203,267,267,187,187,352,364
MNZ_003,mnnm35f,leg,f,no,NA,44.764888,-93.201289,minneapolis metro,mnnm,35,Minnesota Zoo,MnnZ,Dakota,MN,2020-07-23T00:00:00Z,2020,15,244,248,108,108,180,192,148,172,188,191,232,232,304,308,143,143,340,358,165,165,248,256,199,213,267,279,173,187,348,348
MNZ_004,mnnm36f,leg,f,no,NA,44.764888,-93.201289,minneapolis metro,mnnm,36,Minnesota Zoo,MnnZ,Dakota,MN,2020-07-23T00:00:00Z,2020,15,248,248,108,116,186,186,148,164,191,194,229,240,304,304,152,197,332,344,165,165,256,282,185,203,267,267,187,187,352,352
MNZ_005,mnnm37f,leg,f,no,NA,44.766595,-93.202858,minneapolis metro,mnnm,37,Minnesota Zoo,MnnZ,Dakota,MN,2020-07-23T00:00:00Z,2020,15,244,254,108,110,180,192,150,172,185,191,240,244,308,308,152,152,340,342,165,165,296,298,199,207,267,267,187,187,356,356
MNZ_006,mnnm38f,leg,f,no,NA,44.765723,-93.2023,minneapolis metro,mnnm,38,Minnesota Zoo,MnnZ,Dakota,MN,2020-07-24T00:00:00Z,2020,15,246,248,108,112,186,186,148,164,194,203,229,240,304,308,152,197,332,358,165,165,256,256,201,201,267,267,187,187,352,352
MNZ_007,mnnm39f,leg,f,no,NA,44.766667,-93.202826,minneapolis metro,mnnm,39,Minnesota Zoo,MnnZ,Dakota,MN,2020-07-27T00:00:00Z,2020,15,248,248,108,112,186,186,148,164,191,194,229,240,304,308,152,197,332,344,165,185,256,266,185,203,267,267,187,187,352,364
MNZ_008,mnnm40f,leg,f,no,NA,44.765713,-93.202222,minneapolis metro,mnnm,40,Minnesota Zoo,MnnZ,Dakota,MN,2020-07-27T00:00:00Z,2020,15,244,244,108,108,180,186,162,164,191,194,240,240,308,308,143,152,356,358,173,185,282,282,181,181,267,279,173,187,348,352
MNZ_010,mnnm41f,leg,f,no,NA,44.765629,-93.204719,minneapolis metro,mnnm,41,Minnesota Zoo,MnnZ,Dakota,MN,2020-07-28T00:00:00Z,2020,15,244,248,108,114,180,192,172,174,215,215,232,232,300,304,143,143,340,358,165,165,256,268,211,213,267,279,173,187,348,356
MNZ_013,mnnm42f,leg,f,no,NA,44.766629,-93.202868,minneapolis metro,mnnm,42,Minnesota Zoo,MnnZ,Dakota,MN,2020-07-30T00:00:00Z,2020,15,244,248,108,108,180,192,148,172,188,191,232,244,304,308,143,152,340,358,165,181,256,268,199,213,267,267,187,187,348,356
MNZ_015,mnnm43f,leg,f,no,NA,44.766739,-93.203748,minneapolis metro,mnnm,43,Minnesota Zoo,MnnZ,Dakota,MN,2020-08-04T00:00:00Z,2020,15,244,252,108,108,180,192,172,174,188,191,232,244,300,304,143,143,340,358,165,181,256,268,213,213,267,279,173,187,348,356
MNZ_017,mnnm44f,leg,f,no,NA,44.765421,-93.204585,minneapolis metro,mnnm,44,Minnesota Zoo,MnnZ,Dakota,MN,2020-08-04T00:00:00Z,2020,15,244,252,108,114,180,192,172,174,188,191,232,232,304,308,143,143,340,358,165,165,248,256,213,213,267,267,173,187,348,356
MNZ_018,mnnm45f,leg,f,no,NA,44.765421,-93.204585,minneapolis metro,mnnm,45,Minnesota Zoo,MnnZ,Dakota,MN,2020-08-04T00:00:00Z,2020,15,244,248,108,108,180,192,148,172,188,191,232,244,300,304,143,152,340,358,165,165,256,268,199,213,267,279,173,187,348,356
MNZ_020,mnnm46f,leg,f,no,NA,44.765128,-93.197994,minneapolis metro,mnnm,46,Minnesota Zoo,MnnZ,Dakota,MN,2020-08-05T00:00:00Z,2020,15,248,252,108,108,186,186,164,174,191,194,229,232,300,308,152,185,358,386,177,183,250,254,213,213,267,267,173,187,352,352
MNZ_021,mnnm47f,leg,f,no,NA,44.765128,-93.197994,minneapolis metro,mnnm,47,Minnesota Zoo,MnnZ,Dakota,MN,2020-08-05T00:00:00Z,2020,15,240,240,114,114,186,186,164,172,194,194,240,244,300,304,152,185,344,356,165,181,250,268,203,203,267,267,173,187,352,356
MNZ_022,mnnm48f,leg,f,no,NA,44.769423,-93.191342,minneapolis metro,mnnm,48,Minnesota Zoo,MnnZ,Dakota,MN,2020-08-05T00:00:00Z,2020,15,254,254,112,112,186,192,164,164,191,194,238,240,300,308,152,152,324,342,165,173,250,250,181,197,267,279,187,189,352,356
MNZ_024,mnnm49f,leg,f,no,NA,44.76808,-93.188659,minneapolis metro,mnnm,49,Minnesota Zoo,MnnZ,Dakota,MN,2020-08-05T00:00:00Z,2020,15,244,248,108,110,186,186,164,172,191,194,240,240,308,308,134,152,322,342,165,165,246,248,187,187,267,267,187,187,352,364
MNZ_025,mnnm50f,leg,f,no,NA,44.76808,-93.188659,minneapolis metro,mnnm,50,Minnesota Zoo,MnnZ,Dakota,MN,2020-08-05T00:00:00Z,2020,15,240,254,112,112,186,192,152,164,194,194,238,244,300,308,152,152,324,342,165,165,250,340,181,197,267,279,187,189,352,356
NACH_NET_1792,nrti01f,body,f,no,NA,41.896,-89.3461,northern illinois,nrti,01,unk,unk,Ogle,IL,2017-07-21T00:00:00Z,2017,15,242,242,110,116,186,192,160,192,191,191,238,238,308,308,152,152,350,350,165,171,256,288,185,215,279,279,187,187,360,360
NACH_NET_1800,nrti02f,body,f,no,NA,41.896,-89.3461,northern illinois,nrti,02,unk,unk,Ogle,IL,2017-07-21T00:00:00Z,2017,15,248,248,104,110,186,192,150,176,194,194,236,240,304,308,131,167,298,298,165,165,256,270,191,235,267,267,187,187,344,348
T1_7-29-2020,mnnm51f,leg,f,no,NA,44.97448,-93.0439,minneapolis metro,mnnm,51,Ames Lake Park,AmLP,Ramsey,MN,2020-07-29T00:00:00Z,2020,15,248,250,108,110,180,186,172,190,188,191,229,240,304,308,149,152,298,316,175,179,268,268,179,191,267,267,187,189,356,360
T1_8-19-2020,mnnm52f,leg,f,no,NA,44.55746,-92.5323,minneapolis metro,mnnm,52,929 Central Ave Red Wing,9CARW,Goodhue,MN,2020-08-19T00:00:00Z,2020,15,240,248,108,110,180,186,152,160,179,194,238,238,304,304,134,185,298,298,165,181,248,300,227,227,267,267,187,189,352,356
T1_8-9-2020,mnnm53f,leg,f,no,NA,44.92272,-93.11,minneapolis metro,mnnm,53,Cherokee Heights,ChrH,Ramsey,MN,2020-08-09T00:00:00Z,2020,15,248,248,112,112,180,180,162,162,188,188,240,240,304,304,176,176,356,356,183,183,340,340,201,201,267,267,187,187,352,352
T1_affinis_7-23-2020,mnnm54f,leg,f,no,NA,44.92272,-93.11,minneapolis metro,mnnm,54,Cherokee Heights,ChrH,Ramsey,MN,2020-07-23T00:00:00Z,2020,15,248,250,108,114,180,186,164,184,194,194,240,240,300,304,131,152,342,342,167,185,280,280,185,185,267,267,187,187,356,356
T1-7-24-2020,mnnm55f,leg,f,no,NA,44.95868,-93.1496,minneapolis metro,mnnm,55,Elaine's Garden,El'G,Ramsey,MN,2020-07-24T00:00:00Z,2020,15,240,244,108,114,186,192,168,190,194,194,238,238,300,304,152,158,322,344,165,165,254,254,191,199,267,267,187,187,352,356
T2_7-29-2020,mnnm56f,leg,f,no,NA,44.97448,-93.0439,minneapolis metro,mnnm,56,Ames Lake Park,AmLP,Ramsey,MN,2020-07-29T00:00:00Z,2020,15,250,250,106,108,186,186,176,198,191,191,229,240,300,308,152,152,324,342,165,181,254,284,185,195,267,282,187,187,356,360
T2_8-19-2020,mnnm57f,leg,f,no,NA,44.55746,-92.5323,minneapolis metro,mnnm,57,929 Central Ave Red Wing,9CARW,Goodhue,MN,2020-08-19T00:00:00Z,2020,15,240,248,108,110,180,186,152,160,179,194,238,238,304,304,134,185,298,330,165,165,248,256,195,195,267,267,187,189,356,360
T2_affinis_7-23-2020,mnnm58f,leg,f,no,NA,44.92272,-93.11,minneapolis metro,mnnm,58,Cherokee Heights,ChrH,Ramsey,MN,2020-07-23T00:00:00Z,2020,15,248,254,110,114,186,186,148,174,185,188,229,240,304,308,131,140,300,324,181,181,248,286,181,199,267,267,187,187,348,352
T3_7-29-2020,mnnm59f,leg,f,no,NA,44.97448,-93.0439,minneapolis metro,mnnm,59,Ames Lake Park,AmLP,Ramsey,MN,2020-07-29T00:00:00Z,2020,15,248,254,108,114,192,192,152,168,191,191,240,257,300,304,119,152,322,326,175,205,256,298,187,187,267,267,187,187,356,356
T3_8-19-2020,mnnm60f,leg,f,no,NA,44.55746,-92.5323,minneapolis metro,mnnm,60,929 Central Ave Red Wing,9CARW,Goodhue,MN,2020-08-19T00:00:00Z,2020,15,248,248,114,114,186,186,164,164,194,194,240,240,300,300,134,140,298,298,165,181,248,300,195,195,267,267,187,189,352,356
T3_affinis_7-23-2020,mnnm61f,leg,f,no,NA,44.92272,-93.11,minneapolis metro,mnnm,61,Cherokee Heights,ChrH,Ramsey,MN,2020-07-23T00:00:00Z,2020,15,248,248,104,108,180,186,152,172,191,194,244,244,304,308,122,185,300,356,165,181,254,264,189,195,267,267,187,187,352,356
T4_7-29-2020,mnnm62f,leg,f,no,NA,44.97448,-93.0439,minneapolis metro,mnnm,62,Ames Lake Park,AmLP,Ramsey,MN,2020-07-29T00:00:00Z,2020,15,250,250,108,108,180,186,156,198,191,191,229,240,300,300,152,152,324,342,165,181,262,284,185,195,267,282,187,187,356,360
T4_8-19-2020,mnnm63f,leg,f,no,NA,44.55746,-92.5323,minneapolis metro,mnnm,63,929 Central Ave Red Wing,9CARW,Goodhue,MN,2020-08-19T00:00:00Z,2020,14,248,248,108,108,198,198,174,174,191,191,236,236,304,304,143,143,NA,NA,173,173,256,256,213,213,267,267,187,187,360,360
T4_8-9-2020,mnnm64f,leg,f,no,NA,44.92272,-93.11,minneapolis metro,mnnm,64,Cherokee Heights,ChrH,Ramsey,MN,2020-08-09T00:00:00Z,2020,15,244,250,108,112,186,186,170,182,194,194,240,240,300,300,143,152,322,342,167,173,284,298,185,199,267,267,187,187,356,356
T4_affinis_7-23-2020,mnnm65f,leg,f,no,NA,44.92272,-93.11,minneapolis metro,mnnm,65,Cherokee Heights,ChrH,Ramsey,MN,2020-07-23T00:00:00Z,2020,15,248,248,108,114,186,192,152,190,185,191,238,240,304,308,134,140,298,300,165,167,264,298,177,205,267,267,187,187,348,364
T5_7-29-2020,mnnm66f,leg,f,no,NA,44.97448,-93.0439,minneapolis metro,mnnm,66,Ames Lake Park,AmLP,Ramsey,MN,2020-07-29T00:00:00Z,2020,15,248,254,108,112,186,186,152,152,188,191,240,244,308,308,152,176,300,324,173,181,258,258,203,203,267,267,187,189,352,352
T5_8-19-2020,mnnm67f,leg,f,no,NA,44.55746,-92.5323,minneapolis metro,mnnm,67,929 Central Ave Red Wing,9CARW,Goodhue,MN,2020-08-19T00:00:00Z,2020,15,240,248,108,110,186,186,160,182,179,194,229,238,304,304,134,140,298,330,165,181,248,256,227,227,267,267,187,189,356,360
T5_8-9-2020,mnnm68f,leg,f,no,NA,44.92272,-93.11,minneapolis metro,mnnm,68,Cherokee Heights,ChrH,Ramsey,MN,2020-08-09T00:00:00Z,2020,15,244,248,110,112,186,186,168,176,185,194,232,240,300,308,131,140,322,344,173,173,280,292,183,199,267,267,187,187,352,356
T5_affinis_7-23-2020,mnnm69f,leg,f,no,NA,44.92272,-93.11,minneapolis metro,mnnm,69,Cherokee Heights,ChrH,Ramsey,MN,2020-07-23T00:00:00Z,2020,15,248,250,108,110,186,186,176,184,194,194,240,240,300,300,143,152,342,342,167,185,284,298,185,199,267,267,187,187,356,356
T6_7-29-2020,mnnm70f,leg,f,no,NA,44.97448,-93.0439,minneapolis metro,mnnm,70,Ames Lake Park,AmLP,Ramsey,MN,2020-07-29T00:00:00Z,2020,15,244,254,106,108,180,186,156,166,191,194,236,238,300,304,143,152,324,338,165,181,254,266,185,195,267,279,189,189,352,356
T6_8-19-2020,mnnm71f,leg,f,no,NA,44.55746,-92.5323,minneapolis metro,mnnm,71,929 Central Ave Red Wing,9CARW,Goodhue,MN,2020-08-19T00:00:00Z,2020,14,240,248,108,114,180,186,152,160,194,194,NA,NA,304,304,134,185,298,330,165,165,248,256,227,227,267,267,187,189,356,360
T6_8-9-2020,mnnm72f,leg,f,no,NA,44.92272,-93.11,minneapolis metro,mnnm,72,Cherokee Heights,ChrH,Ramsey,MN,2020-08-09T00:00:00Z,2020,10,248,250,108,110,180,186,176,182,194,194,240,240,300,300,143,152,NA,NA,167,167,NA,NA,NA,NA,NA,NA,187,187,NA,NA
T6_affinis_7-23-2020,mnnm73f,leg,f,no,NA,44.92272,-93.11,minneapolis metro,mnnm,73,Cherokee Heights,ChrH,Ramsey,MN,2020-07-23T00:00:00Z,2020,15,244,248,108,112,186,192,156,190,188,191,229,244,304,308,119,143,322,332,171,181,246,298,193,195,267,267,187,187,344,352
T7_8-9-2020,mnnm74f,leg,f,no,NA,44.92272,-93.11,minneapolis metro,mnnm,74,Cherokee Heights,ChrH,Ramsey,MN,2020-08-09T00:00:00Z,2020,15,248,250,108,112,186,192,156,190,188,191,229,240,304,308,131,152,316,326,165,165,246,282,191,191,267,267,187,187,352,356
Tai_2020_104,wscd01f,leg,f,no,NA,43.073197,-89.516635,wisconsin dane,wscd,01,Behind 7637 Farmington Way,B7FW,Dane,WI,2020-07-23T00:00:00Z,2020,15,244,248,106,106,192,192,152,152,191,194,232,232,308,308,131,140,300,330,165,181,256,256,191,203,267,279,187,187,356,356
Tai_2020_109,wscd02f,leg,f,no,NA,43.017251,-89.475773,wisconsin dane,wscd,02,Near Kwik Trip,NrKT,Dane,WI,2020-07-22T00:00:00Z,2020,15,240,248,108,114,186,186,152,182,185,188,236,240,308,308,143,143,298,326,169,189,256,282,177,193,267,267,187,189,356,356
Tai_2020_118,wscd03f,leg,f,no,NA,43.071379,-89.509808,wisconsin dane,wscd,03,Lamp Park,LmpP,Dane,WI,2020-07-23T00:00:00Z,2020,15,244,244,114,114,186,186,152,152,194,194,244,244,308,308,134,134,342,342,165,165,246,246,187,187,267,267,187,187,352,352
Tai_2020_121,wscd04f,leg,f,no,NA,43.075277,-89.515864,wisconsin dane,wscd,04,High Point Church,HgPC,Dane,WI,2020-07-23T00:00:00Z,2020,3,230,230,106,106,NA,NA,154,154,NA,NA,NA,NA,NA,NA,NA,NA,NA,NA,NA,NA,NA,NA,NA,NA,NA,NA,NA,NA,NA,NA
Tai_2020_131,wscd05f,leg,f,no,NA,43.073197,-89.516635,wisconsin dane,wscd,05,Behind 7637 Farmington Way,B7FW,Dane,WI,2020-07-23T00:00:00Z,2020,15,244,248,106,106,192,192,152,194,191,191,232,232,304,308,140,149,300,330,165,181,256,256,181,203,267,279,187,187,356,356
Tai_2020_161,wscd06f,leg,f,no,NA,43.164158,-89.38564,wisconsin dane,wscd,06,Madison Country Day School,MCDS,Dane,WI,2020-08-04T00:00:00Z,2020,15,240,254,104,116,186,186,160,190,191,194,240,242,304,304,122,167,300,300,181,197,256,256,185,201,279,279,187,187,352,352
Tai_2020_165,wscd07f,leg,f,no,NA,43.073197,-89.516635,wisconsin dane,wscd,07,Behind 7637 Farmington Way,B7FW,Dane,WI,2020-07-23T00:00:00Z,2020,15,244,248,106,114,186,192,188,194,191,191,232,238,308,308,131,140,300,330,165,165,256,280,181,203,267,279,187,187,356,356
Tai_2020_254,wscd08f,leg,f,no,NA,43.164158,-89.38564,wisconsin dane,wscd,08,Madison Country Day School,MCDS,Dane,WI,2020-08-04T00:00:00Z,2020,15,240,244,114,116,186,186,148,190,194,194,242,242,304,304,122,167,300,300,197,197,256,256,185,213,279,279,187,187,352,352
Tai_2020_303,wscd09f,leg,f,no,NA,43.164158,-89.38564,wisconsin dane,wscd,09,Madison Country Day School,MCDS,Dane,WI,2020-08-04T00:00:00Z,2020,15,240,244,114,116,186,192,148,190,194,194,240,242,304,304,167,167,300,300,181,197,256,256,185,213,267,279,187,187,344,352
Tai_2020_354,wscd10f,leg,f,no,NA,43.164158,-89.38564,wisconsin dane,wscd,10,Madison Country Day School,MCDS,Dane,WI,2020-08-04T00:00:00Z,2020,15,240,244,104,116,186,192,160,190,194,194,240,242,304,304,167,167,300,300,181,197,256,256,185,213,267,279,187,187,352,352
Tai_2020_358,wscd11f,leg,f,no,NA,43.164158,-89.38564,wisconsin dane,wscd,11,Madison Country Day School,MCDS,Dane,WI,2020-08-04T00:00:00Z,2020,15,244,248,106,108,186,186,152,164,194,197,229,236,308,308,134,155,298,298,165,171,248,262,189,211,267,267,187,187,356,356
Tai_2020_536,wscd12f,leg,f,no,NA,43.163105,-89.38594,wisconsin dane,wscd,12,Madison Country Day School,MCDS,Dane,WI,2020-08-11T00:00:00Z,2020,15,240,248,114,116,186,192,152,170,191,194,240,242,304,308,143,152,300,352,171,181,266,270,191,201,267,267,187,187,352,356
Tai_2020_674,wscd13f,leg,f,no,NA,43.089435,-89.358527,wisconsin dane,wscd,13,Merry Street,MrrS,Dane,WI,2020-08-17T00:00:00Z,2020,15,244,244,108,108,180,180,152,152,194,194,244,244,308,308,152,152,300,300,165,165,296,296,195,195,267,267,187,187,356,356
Tai_2020_691,wscd14f,leg,f,no,NA,43.073197,-89.516635,wisconsin dane,wscd,14,Behind 7637 Farmington Way,B7FW,Dane,WI,2020-08-21T00:00:00Z,2020,15,240,240,108,108,198,198,152,152,194,194,240,240,304,304,128,128,328,328,183,183,262,262,195,195,267,267,187,187,360,360
Tai_2020_73,wscd15f,leg,f,no,NA,43.073197,-89.516635,wisconsin dane,wscd,15,Behind 7637 Farmington Way,B7FW,Dane,WI,2020-07-23T00:00:00Z,2020,4,NA,NA,112,116,NA,NA,176,176,NA,NA,232,238,308,308,NA,NA,NA,NA,NA,NA,NA,NA,NA,NA,NA,NA,NA,NA,NA,NA
Tai_2020_787,wscd16f,leg,f,no,NA,43.073197,-89.516635,wisconsin dane,wscd,16,Behind 7637 Farmington Way,B7FW,Dane,WI,2020-08-21T00:00:00Z,2020,15,244,244,106,114,192,192,188,194,194,194,230,230,308,308,131,140,300,330,165,165,256,256,181,203,267,279,187,187,356,356
Tai_2020_86,wscd17f,leg,f,no,NA,43.073197,-89.516635,wisconsin dane,wscd,17,Behind 7637 Farmington Way,B7FW,Dane,WI,2020-07-23T00:00:00Z,2020,3,230,230,112,116,NA,NA,184,184,NA,NA,NA,NA,NA,NA,NA,NA,NA,NA,NA,NA,NA,NA,NA,NA,NA,NA,NA,NA,NA,NA
Tai_2020_91,wscd18f,leg,f,no,NA,43.073197,-89.516635,wisconsin dane,wscd,18,Behind 7637 Farmington Way,B7FW,Dane,WI,2020-07-23T00:00:00Z,2020,6,230,230,106,116,NA,NA,184,184,191,191,230,230,308,308,NA,NA,NA,NA,NA,NA,NA,NA,NA,NA,NA,NA,NA,NA,NA,NA
Tai_2020_92,wscd19f,leg,f,no,NA,43.073197,-89.516635,wisconsin dane,wscd,19,Behind 7637 Farmington Way,B7FW,Dane,WI,2020-07-23T00:00:00Z,2020,2,230,230,NA,NA,NA,NA,184,184,NA,NA,NA,NA,NA,NA,NA,NA,NA,NA,NA,NA,NA,NA,NA,NA,NA,NA,NA,NA,NA,NA
262_MonFis_Mola_Male,iwst01m,leg,m,no,NA,41.81511,-91.6976,iowa south,iwst,01,Hawk Eye Male - Iowa City,HEM-IC,Johnson,IA,2020-08-05T00:00:00Z,2020,15,248,248,112,112,186,186,170,170,191,191,244,244,304,304,152,152,322,322,167,167,264,264,193,193,267,267,187,187,360,360
7-15-2020_T1_Redwing_Male,mnnm01m,leg,m,yes,Redwing,44.55972,-92.5308,minneapolis metro,mnnm,01,Redwing,Rdwn,Goodhue,MN,2020-07-04T00:00:00Z,2020,14,248,248,108,108,192,192,192,192,185,185,240,240,304,304,149,149,NA,NA,179,179,256,256,189,189,267,267,187,187,356,356
G005_Elaine,mnnm02m,body,m,yes,Redwing,44.55972,-92.53078,minneapolis metro,mnnm,02,Redwing,Rdwn,Goodhue,MN,2020-08-08T00:00:00Z,2020,7,240,240,112,112,186,186,152,152,185,191,238,238,304,304,NA,NA,NA,NA,NA,NA,NA,NA,NA,NA,NA,NA,NA,NA,NA,NA
G006_Elaine,mnnm03m,body,m,yes,Redwing,44.55972,-92.53078,minneapolis metro,mnnm,03,Redwing,Rdwn,Goodhue,MN,2020-08-04T00:00:00Z,2020,1,NA,NA,NA,NA,NA,NA,202,204,NA,NA,NA,NA,NA,NA,NA,NA,NA,NA,NA,NA,NA,NA,NA,NA,NA,NA,NA,NA,NA,NA
G10_Elaine,mnnm04m,body,m,yes,Minneapolis Nest,44.945714,-93.216199,minneapolis metro,mnnm,04,Minneapolis Nest,MnnN,Hennepin,MN,2020-08-05T00:00:00Z,2020,8,NA,NA,NA,NA,NA,NA,NA,NA,NA,NA,NA,NA,NA,NA,152,152,330,330,181,181,298,298,199,199,267,267,173,173,356,356
G11_Elaine,mnnm05m,body,m,yes,Minneapolis Nest,44.945714,-93.216199,minneapolis metro,mnnm,05,Minneapolis Nest,MnnN,Hennepin,MN,2020-08-05T00:00:00Z,2020,8,NA,NA,NA,NA,NA,NA,NA,NA,NA,NA,NA,NA,NA,NA,152,152,330,330,181,181,298,298,195,195,267,267,173,173,356,356
G12_Elaine,mnnm06m,body,m,yes,Minneapolis Nest,44.945714,-93.216199,minneapolis metro,mnnm,06,Minneapolis Nest,MnnN,Hennepin,MN,2020-08-05T00:00:00Z,2020,15,252,252,108,108,186,186,172,172,194,194,232,232,304,304,152,152,322,322,181,181,298,298,199,199,267,267,173,173,364,364
MNZ_009_Male,mnnm07m,leg,m,no,NA,44.765629,-93.204719,minneapolis metro,mnnm,07,Minnesota Zoo,MnnZ,Dakota,MN,2020-07-28T00:00:00Z,2020,14,248,248,114,114,192,192,174,174,215,215,NA,NA,308,308,143,143,358,358,181,181,282,282,199,199,279,279,187,187,356,356
MNZ_011_Male,mnnm08m,leg,m,no,NA,44.774509,-93.189876,minneapolis metro,mnnm,08,Minnesota Zoo,MnnZ,Dakota,MN,2020-07-28T00:00:00Z,2020,15,248,248,110,110,186,186,152,152,194,194,232,232,308,308,182,182,360,360,181,181,250,250,211,213,267,267,173,173,356,356
MNZ_012_Male,mnnm09m,leg,m,no,NA,44.772095,-93.191151,minneapolis metro,mnnm,09,Minnesota Zoo,MnnZ,Dakota,MN,2020-07-30T00:00:00Z,2020,15,254,254,108,108,186,186,164,164,194,194,240,240,300,300,152,152,356,356,173,173,280,282,181,181,279,279,187,187,348,348
MNZ_014_Male,mnnm10m,leg,m,no,NA,44.767173,-93.204049,minneapolis metro,mnnm,10,Minnesota Zoo,MnnZ,Dakota,MN,2020-08-04T00:00:00Z,2020,15,248,248,112,112,186,186,148,148,203,203,229,229,304,304,152,152,358,358,171,171,282,282,185,185,267,267,187,187,364,364
MNZ_016_Male,mnnm11m,leg,m,no,NA,44.765802,-93.204725,minneapolis metro,mnnm,11,Minnesota Zoo,MnnZ,Dakota,MN,2020-08-04T00:00:00Z,2020,15,244,252,108,114,180,192,148,172,188,191,232,244,304,308,143,143,340,358,165,181,248,256,213,213,267,267,187,187,348,356
MNZ_019_Male,mnnm12m,leg,m,no,NA,44.769356,-93.191277,minneapolis metro,mnnm,12,Minnesota Zoo,MnnZ,Dakota,MN,2020-08-04T00:00:00Z,2020,13,250,250,108,108,186,186,168,168,191,191,240,240,304,304,152,152,NA,NA,177,177,264,264,NA,NA,279,279,187,187,352,352
MNZ_023_Male,mnnm13m,leg,m,no,NA,44.768424,-93.192083,minneapolis metro,mnnm,13,Minnesota Zoo,MnnZ,Dakota,MN,2020-08-05T00:00:00Z,2020,15,248,248,114,114,180,180,152,152,188,188,240,240,308,308,131,131,326,326,165,165,260,260,185,185,267,267,187,187,344,344
MNZ_026_Male,mnnm14m,leg,m,no,NA,44.767318,-93.203718,minneapolis metro,mnnm,14,Minnesota Zoo,MnnZ,Dakota,MN,2020-08-05T00:00:00Z,2020,15,248,248,114,114,198,198,148,148,191,191,238,238,308,308,143,143,300,300,151,165,340,340,231,231,267,267,187,187,352,352
MNZ_028_Male,mnnm15m,leg,m,no,NA,44.774352,-93.189208,minneapolis metro,mnnm,15,Minnesota Zoo,MnnZ,Dakota,MN,2020-08-21T00:00:00Z,2020,14,248,248,108,108,180,180,172,172,197,197,240,240,308,308,146,146,300,300,165,165,340,340,NA,NA,267,267,173,173,356,356
T1-7-26-2020_Male,mnnm16m,leg,m,no,NA,44.92272,-93.11,minneapolis metro,mnnm,16,Cherokee Heights,ChrH,Ramsey,MN,2020-07-26T00:00:00Z,2020,15,248,250,108,112,186,186,176,184,194,194,240,240,300,304,143,152,342,342,167,173,280,284,185,185,267,267,187,187,356,356
T2_8-9-2020_Male,mnnm17m,leg,m,no,NA,44.92272,-93.11,minneapolis metro,mnnm,17,Cherokee Heights,ChrH,Ramsey,MN,2020-08-09T00:00:00Z,2020,15,248,248,112,112,180,180,162,162,188,188,240,240,304,304,131,131,322,322,171,171,340,340,195,195,282,282,187,187,356,356
T2_Male_Redwing,mnnm18m,leg,m,yes,Redwing,44.55972,-92.5308,minneapolis metro,mnnm,18,Redwing,Rdwn,Goodhue,MN,2020-07-22T00:00:00Z,2020,15,250,250,110,110,192,192,190,190,185,185,240,240,304,304,140,140,298,298,183,183,292,292,203,203,267,267,187,187,356,356
T3_8-9-2020_Male,mnnm19m,leg,m,no,NA,44.92272,-93.11,minneapolis metro,mnnm,19,Cherokee Heights,ChrH,Ramsey,MN,2020-08-09T00:00:00Z,2020,14,248,248,114,114,186,186,164,164,194,194,240,240,300,300,131,131,342,342,173,173,298,298,NA,NA,267,267,187,187,356,356
T3_Male_Redwing,mnnm20m,leg,m,yes,Redwing,44.55972,-92.5308,minneapolis metro,mnnm,20,Redwing,Rdwn,Goodhue,MN,2020-07-22T00:00:00Z,2020,15,248,248,108,108,192,192,190,190,191,191,240,240,304,304,149,149,298,298,183,183,256,256,189,189,267,267,187,187,344,344
T4_Male_Redwing,mnnm21m,leg,m,yes,Redwing,44.55972,-92.5308,minneapolis metro,mnnm,21,Redwing,Rdwn,Goodhue,MN,2020-07-22T00:00:00Z,2020,14,250,250,108,108,192,192,192,192,185,185,240,240,304,304,140,140,NA,NA,179,179,256,256,189,189,267,267,187,187,344,344
T5_Male_Redwing,mnnm22m,leg,m,yes,Redwing,44.55972,-92.5308,minneapolis metro,mnnm,22,Redwing,Rdwn,Goodhue,MN,2020-07-22T00:00:00Z,2020,15,250,254,110,110,186,192,162,192,185,194,240,240,300,304,140,152,298,342,179,183,256,292,191,203,267,267,187,187,344,356
T7_8-19-2020_Male,mnnm23m,leg,m,no,NA,44.55746,-92.5323,minneapolis metro,mnnm,23,929 Central Ave Red Wing,9CARW,Goodhue,MN,2020-08-19T00:00:00Z,2020,8,NA,NA,NA,NA,NA,NA,NA,NA,NA,NA,NA,NA,NA,NA,119,140,322,332,171,173,246,298,195,203,267,267,187,187,352,352
